"Species code","Species name","Year","Estimate","± 1 standard error"
"300","Common Murre","2013","47140","5102"
"300","Common Murre","2014","40373","4677"
"300","Common Murre","2015","17515","2211"
"300","Common Murre","2016","21717","2655"
"300","Common Murre","2017","41657","4423"
"300","Common Murre","2018","32347","3428"
"310","Thick-billed Murre","2013","66970","6494"
"310","Thick-billed Murre","2014","63430","7232"
"310","Thick-billed Murre","2015","50352","5438"
"310","Thick-billed Murre","2016","94849","8640"
"310","Thick-billed Murre","2017","60111","5516"
"310","Thick-billed Murre","2018","39550","4011"
"1290","Common Merganser","1969","16618","2214"
"1290","Common Merganser","1970","12571","1218"
"1290","Common Merganser","1971","13174","1626"
"1290","Common Merganser","1972","19968","1768"
"1290","Common Merganser","1973","15664","1087"
"1290","Common Merganser","1974","25641","2397"
"1290","Common Merganser","1975","30145","1142"
"1290","Common Merganser","1976","22401","1006"
"1290","Common Merganser","1977","22196","0"
"1290","Common Merganser","1978","34207","990"
"1290","Common Merganser","1979","26455","1193"
"1290","Common Merganser","1980","30042","988"
"1290","Common Merganser","1981","29668","1359"
"1290","Common Merganser","1982","29350","1400"
"1290","Common Merganser","1983","30611","1343"
"1290","Common Merganser","1984","27540","4552"
"1290","Common Merganser","1985","28331","4700"
"1290","Common Merganser","1986","30690","8064"
"1290","Common Merganser","1987","25443","5591"
"1290","Common Merganser","1988","23890","4621"
"1290","Common Merganser","1989","19019","4329"
"1290","Common Merganser","1990","20837","6306"
"1290","Common Merganser","1991","14168","3510"
"1290","Common Merganser","1992","20239","2777"
"1290","Common Merganser","1993","12275","1617"
"1290","Common Merganser","1994","17648","2648"
"1290","Common Merganser","1995","16839","2310"
"1290","Common Merganser","1996","16157","1743"
"1290","Common Merganser","1997","14948","2065"
"1290","Common Merganser","1998","12559","1520"
"1290","Common Merganser","1999","9922","1255"
"1290","Common Merganser","2000","8008","1061"
"1290","Common Merganser","2001","8246","1175"
"1290","Common Merganser","2002","6896","1017"
"1290","Common Merganser","2003","7164","1282"
"1290","Common Merganser","2004","8716","1714"
"1290","Common Merganser","2005","5564","1210"
"1290","Common Merganser","2006","4319","1009"
"1290","Common Merganser","2007","7719","1406"
"1290","Common Merganser","2008","4721","1273"
"1290","Common Merganser","2009","8740","2234"
"1290","Common Merganser","2010","8242","1466"
"1290","Common Merganser","2011","7418","1515"
"1290","Common Merganser","2012","6658","1743"
"1290","Common Merganser","2013","4335","1257"
"1290","Common Merganser","2014","8696","2385"
"1290","Common Merganser","2015","12724","4005"
"1290","Common Merganser","2016","2161","555"
"1290","Common Merganser","2017","3380","955"
"1290","Common Merganser","2018","3869","922"
"1300","Red-breasted Merganser","1969","10354","2063"
"1300","Red-breasted Merganser","1970","15965","2439"
"1300","Red-breasted Merganser","1971","14078","1771"
"1300","Red-breasted Merganser","1972","23782","3884"
"1300","Red-breasted Merganser","1973","13179","1615"
"1300","Red-breasted Merganser","1974","16528","2718"
"1300","Red-breasted Merganser","1975","14423","790"
"1300","Red-breasted Merganser","1976","22019","906"
"1300","Red-breasted Merganser","1977","18139","0"
"1300","Red-breasted Merganser","1978","6250","272"
"1300","Red-breasted Merganser","1979","10803","534"
"1300","Red-breasted Merganser","1980","13524","845"
"1300","Red-breasted Merganser","1981","13585","621"
"1300","Red-breasted Merganser","1982","20190","1076"
"1300","Red-breasted Merganser","1983","17751","719"
"1300","Red-breasted Merganser","1984","13369","2886"
"1300","Red-breasted Merganser","1985","20335","4371"
"1300","Red-breasted Merganser","1986","19650","5609"
"1300","Red-breasted Merganser","1987","8410","2100"
"1300","Red-breasted Merganser","1988","8434","2248"
"1300","Red-breasted Merganser","1989","16218","4788"
"1300","Red-breasted Merganser","1990","9825","1993"
"1300","Red-breasted Merganser","1991","10082","3782"
"1300","Red-breasted Merganser","1992","14293","2964"
"1300","Red-breasted Merganser","1993","15866","2175"
"1300","Red-breasted Merganser","1994","12219","1757"
"1300","Red-breasted Merganser","1995","10279","2235"
"1300","Red-breasted Merganser","1996","6444","1296"
"1300","Red-breasted Merganser","1997","7204","1745"
"1300","Red-breasted Merganser","1998","10775","1467"
"1300","Red-breasted Merganser","1999","7014","1599"
"1300","Red-breasted Merganser","2000","3036","668"
"1300","Red-breasted Merganser","2001","4810","1869"
"1300","Red-breasted Merganser","2002","5282","953"
"1300","Red-breasted Merganser","2003","6302","1195"
"1300","Red-breasted Merganser","2004","4412","939"
"1300","Red-breasted Merganser","2005","4476","1928"
"1300","Red-breasted Merganser","2006","5567","1046"
"1300","Red-breasted Merganser","2007","7176","1383"
"1300","Red-breasted Merganser","2008","4454","1128"
"1300","Red-breasted Merganser","2009","10453","3685"
"1300","Red-breasted Merganser","2010","9592","2381"
"1300","Red-breasted Merganser","2011","11786","2916"
"1300","Red-breasted Merganser","2012","1840","821"
"1300","Red-breasted Merganser","2013","8096","2801"
"1300","Red-breasted Merganser","2014","6168","2038"
"1300","Red-breasted Merganser","2015","4541","1681"
"1300","Red-breasted Merganser","2016","1567","563"
"1300","Red-breasted Merganser","2017","4839","1634"
"1300","Red-breasted Merganser","2018","2395","941"
"1310","Hooded Merganser","1969","25957","2770"
"1310","Hooded Merganser","1970","22742","2301"
"1310","Hooded Merganser","1971","25970","2641"
"1310","Hooded Merganser","1972","25957","2060"
"1310","Hooded Merganser","1973","26761","2030"
"1310","Hooded Merganser","1974","29544","2293"
"1310","Hooded Merganser","1975","33737","1533"
"1310","Hooded Merganser","1976","36359","1577"
"1310","Hooded Merganser","1977","41338","0"
"1310","Hooded Merganser","1978","35155","1064"
"1310","Hooded Merganser","1979","31212","1012"
"1310","Hooded Merganser","1980","31187","1098"
"1310","Hooded Merganser","1981","35263","1351"
"1310","Hooded Merganser","1982","28061","1117"
"1310","Hooded Merganser","1983","28455","727"
"1310","Hooded Merganser","1984","31209","3689"
"1310","Hooded Merganser","1985","28593","3905"
"1310","Hooded Merganser","1986","28535","8895"
"1310","Hooded Merganser","1987","24533","3486"
"1310","Hooded Merganser","1988","24769","4698"
"1310","Hooded Merganser","1989","26431","6155"
"1310","Hooded Merganser","1990","24397","4028"
"1310","Hooded Merganser","1991","29465","3072"
"1310","Hooded Merganser","1992","26847","2114"
"1310","Hooded Merganser","1993","20854","2067"
"1310","Hooded Merganser","1994","25896","2833"
"1310","Hooded Merganser","1995","23429","2733"
"1310","Hooded Merganser","1996","17536","1828"
"1310","Hooded Merganser","1997","14891","1393"
"1310","Hooded Merganser","1998","15808","1948"
"1310","Hooded Merganser","1999","15686","1662"
"1310","Hooded Merganser","2000","13952","1511"
"1310","Hooded Merganser","2001","11607","1819"
"1310","Hooded Merganser","2002","10199","1215"
"1310","Hooded Merganser","2003","8904","1151"
"1310","Hooded Merganser","2004","8011","1100"
"1310","Hooded Merganser","2005","10020","1680"
"1310","Hooded Merganser","2006","9072","1053"
"1310","Hooded Merganser","2007","10754","1125"
"1310","Hooded Merganser","2008","9810","1282"
"1310","Hooded Merganser","2009","10070","1428"
"1310","Hooded Merganser","2010","9196","1236"
"1310","Hooded Merganser","2011","11930","1984"
"1310","Hooded Merganser","2012","13698","1990"
"1310","Hooded Merganser","2013","10375","1694"
"1310","Hooded Merganser","2014","14801","1987"
"1310","Hooded Merganser","2015","11580","2783"
"1310","Hooded Merganser","2016","7699","1594"
"1310","Hooded Merganser","2017","9709","1468"
"1310","Hooded Merganser","2018","8419","1740"
"1320","Mallard","1969","1325445","43843"
"1320","Mallard","1970","1590093","53084"
"1320","Mallard","1971","1409652","47487"
"1320","Mallard","1972","1687773","38272"
"1320","Mallard","1973","1451674","35384"
"1320","Mallard","1974","1755792","44713"
"1320","Mallard","1975","1730981","29271"
"1320","Mallard","1976","1935903","33973"
"1320","Mallard","1977","1557130","0"
"1320","Mallard","1978","1522632","23894"
"1320","Mallard","1979","1609618","27281"
"1320","Mallard","1980","1533585","26686"
"1320","Mallard","1981","1296941","29471"
"1320","Mallard","1982","1213941","23460"
"1320","Mallard","1983","1327609","23712"
"1320","Mallard","1984","1059251","25889"
"1320","Mallard","1985","911076","21874"
"1320","Mallard","1986","879125","99918"
"1320","Mallard","1987","1020609","42057"
"1320","Mallard","1988","668554","39788"
"1320","Mallard","1989","744007","45372"
"1320","Mallard","1990","734613","47515"
"1320","Mallard","1991","629139","34628"
"1320","Mallard","1992","579810","11370"
"1320","Mallard","1993","536999","10990"
"1320","Mallard","1994","625412","13084"
"1320","Mallard","1995","603342","13557"
"1320","Mallard","1996","641090","12613"
"1320","Mallard","1997","718695","13944"
"1320","Mallard","1998","663919","12523"
"1320","Mallard","1999","633196","14419"
"1320","Mallard","2000","676376","14568"
"1320","Mallard","2001","591760","13226"
"1320","Mallard","2002","546594","12919"
"1320","Mallard","2003","511486","12146"
"1320","Mallard","2004","523728","13256"
"1320","Mallard","2005","544006","14524"
"1320","Mallard","2006","613626","16459"
"1320","Mallard","2007","545952","15108"
"1320","Mallard","2008","547720","16097"
"1320","Mallard","2009","472527","14844"
"1320","Mallard","2010","446319","14270"
"1320","Mallard","2011","509889","15866"
"1320","Mallard","2012","528334","16755"
"1320","Mallard","2013","546829","17645"
"1320","Mallard","2014","500114","18048"
"1320","Mallard","2015","538137","20058"
"1320","Mallard","2016","471923","18237"
"1320","Mallard","2017","431577","15722"
"1320","Mallard","2018","450840","18968"
"1330","American Black Duck","1969","226863","12248"
"1330","American Black Duck","1970","246961","13843"
"1330","American Black Duck","1971","248577","13250"
"1330","American Black Duck","1972","295884","10023"
"1330","American Black Duck","1973","270827","10297"
"1330","American Black Duck","1974","286816","10644"
"1330","American Black Duck","1975","307360","7440"
"1330","American Black Duck","1976","350532","8128"
"1330","American Black Duck","1977","356496","0"
"1330","American Black Duck","1978","380607","7225"
"1330","American Black Duck","1979","319804","8076"
"1330","American Black Duck","1980","363873","7924"
"1330","American Black Duck","1981","321987","8053"
"1330","American Black Duck","1982","336945","8993"
"1330","American Black Duck","1983","309139","9571"
"1330","American Black Duck","1984","306589","11296"
"1330","American Black Duck","1985","299762","9988"
"1330","American Black Duck","1986","296081","62684"
"1330","American Black Duck","1987","295392","24710"
"1330","American Black Duck","1988","300228","37274"
"1330","American Black Duck","1989","261324","42198"
"1330","American Black Duck","1990","243009","27254"
"1330","American Black Duck","1991","225938","29864"
"1330","American Black Duck","1992","206511","6919"
"1330","American Black Duck","1993","203313","6944"
"1330","American Black Duck","1994","175459","6434"
"1330","American Black Duck","1995","187161","7686"
"1330","American Black Duck","1996","163601","7008"
"1330","American Black Duck","1997","165469","5672"
"1330","American Black Duck","1998","158379","5674"
"1330","American Black Duck","1999","174943","7993"
"1330","American Black Duck","2000","154918","6610"
"1330","American Black Duck","2001","124075","5335"
"1330","American Black Duck","2002","122642","4132"
"1330","American Black Duck","2003","109223","3704"
"1330","American Black Duck","2004","91764","3416"
"1330","American Black Duck","2005","89580","3474"
"1330","American Black Duck","2006","104030","3843"
"1330","American Black Duck","2007","103811","4321"
"1330","American Black Duck","2008","103497","4842"
"1330","American Black Duck","2009","90617","4430"
"1330","American Black Duck","2010","87258","4056"
"1330","American Black Duck","2011","91862","4588"
"1330","American Black Duck","2012","103363","6254"
"1330","American Black Duck","2013","99785","5777"
"1330","American Black Duck","2014","72627","4420"
"1330","American Black Duck","2015","63452","4332"
"1330","American Black Duck","2016","66144","4058"
"1330","American Black Duck","2017","57075","3915"
"1330","American Black Duck","2018","52477","3301"
"1350","Gadwall","1969","110189","5921"
"1350","Gadwall","1970","94941","5029"
"1350","Gadwall","1971","91115","4930"
"1350","Gadwall","1972","99160","4880"
"1350","Gadwall","1973","91780","4466"
"1350","Gadwall","1974","122891","5748"
"1350","Gadwall","1975","153720","2959"
"1350","Gadwall","1976","128495","2764"
"1350","Gadwall","1977","95651","0"
"1350","Gadwall","1978","106270","2042"
"1350","Gadwall","1979","103658","2250"
"1350","Gadwall","1980","94040","1999"
"1350","Gadwall","1981","50512","1154"
"1350","Gadwall","1982","97413","2212"
"1350","Gadwall","1983","77095","1790"
"1350","Gadwall","1984","55493","12474"
"1350","Gadwall","1985","54334","5027"
"1350","Gadwall","1986","51478","7444"
"1350","Gadwall","1987","37249","3538"
"1350","Gadwall","1988","23124","3431"
"1350","Gadwall","1989","37351","4093"
"1350","Gadwall","1990","36453","4171"
"1350","Gadwall","1991","32545","3456"
"1350","Gadwall","1992","34873","3066"
"1350","Gadwall","1993","33148","3558"
"1350","Gadwall","1994","36342","3296"
"1350","Gadwall","1995","34873","4290"
"1350","Gadwall","1996","50103","3733"
"1350","Gadwall","1997","49904","4093"
"1350","Gadwall","1998","50567","4217"
"1350","Gadwall","1999","41244","3792"
"1350","Gadwall","2000","38932","4466"
"1350","Gadwall","2001","33348","3210"
"1350","Gadwall","2002","33666","3265"
"1350","Gadwall","2003","41006","4948"
"1350","Gadwall","2004","42511","4855"
"1350","Gadwall","2005","39989","4586"
"1350","Gadwall","2006","34938","3692"
"1350","Gadwall","2007","39990","5538"
"1350","Gadwall","2008","44069","5415"
"1350","Gadwall","2009","35939","4410"
"1350","Gadwall","2010","39352","4536"
"1350","Gadwall","2011","51554","6090"
"1350","Gadwall","2012","37165","5118"
"1350","Gadwall","2013","39894","4086"
"1350","Gadwall","2014","65806","10919"
"1350","Gadwall","2015","42703","6880"
"1350","Gadwall","2016","63589","9063"
"1350","Gadwall","2017","45271","5240"
"1350","Gadwall","2018","35853","4825"
"1360","Eurasian Wigeon","1979","73","9"
"1360","Eurasian Wigeon","1982","413","51"
"1360","Eurasian Wigeon","1985","523","0"
"1360","Eurasian Wigeon","1986","505","459"
"1360","Eurasian Wigeon","1990","60","73"
"1360","Eurasian Wigeon","1992","744","415"
"1360","Eurasian Wigeon","1993","95","72"
"1360","Eurasian Wigeon","1995","76","93"
"1360","Eurasian Wigeon","1996","80","49"
"1360","Eurasian Wigeon","1997","371","169"
"1360","Eurasian Wigeon","1998","197","200"
"1360","Eurasian Wigeon","2000","209","229"
"1360","Eurasian Wigeon","2001","86","109"
"1360","Eurasian Wigeon","2002","285","134"
"1360","Eurasian Wigeon","2003","201","246"
"1360","Eurasian Wigeon","2006","134","97"
"1360","Eurasian Wigeon","2007","146","100"
"1360","Eurasian Wigeon","2008","53","52"
"1360","Eurasian Wigeon","2009","113","112"
"1360","Eurasian Wigeon","2011","74","68"
"1360","Eurasian Wigeon","2012","60","59"
"1360","Eurasian Wigeon","2015","228","166"
"1360","Eurasian Wigeon","2017","145","112"
"1360","Eurasian Wigeon","2018","62","62"
"1370","American Wigeon","1969","150109","7127"
"1370","American Wigeon","1970","130676","6058"
"1370","American Wigeon","1971","110139","5368"
"1370","American Wigeon","1972","127907","4481"
"1370","American Wigeon","1973","117952","4229"
"1370","American Wigeon","1974","128653","5878"
"1370","American Wigeon","1975","158677","3276"
"1370","American Wigeon","1976","146953","3213"
"1370","American Wigeon","1977","153742","0"
"1370","American Wigeon","1978","135088","2552"
"1370","American Wigeon","1979","120218","2296"
"1370","American Wigeon","1980","94426","1959"
"1370","American Wigeon","1981","78295","1856"
"1370","American Wigeon","1982","81674","2065"
"1370","American Wigeon","1983","93944","2264"
"1370","American Wigeon","1984","78655","6605"
"1370","American Wigeon","1985","72018","5435"
"1370","American Wigeon","1986","75951","11364"
"1370","American Wigeon","1987","60493","7084"
"1370","American Wigeon","1988","46510","7115"
"1370","American Wigeon","1989","58221","7412"
"1370","American Wigeon","1990","47451","5401"
"1370","American Wigeon","1991","38161","4382"
"1370","American Wigeon","1992","45647","2720"
"1370","American Wigeon","1993","45457","2979"
"1370","American Wigeon","1994","43608","3174"
"1370","American Wigeon","1995","37719","3741"
"1370","American Wigeon","1996","51069","3462"
"1370","American Wigeon","1997","49349","3826"
"1370","American Wigeon","1998","43555","3297"
"1370","American Wigeon","1999","34844","2885"
"1370","American Wigeon","2000","41840","4094"
"1370","American Wigeon","2001","42698","3280"
"1370","American Wigeon","2002","40758","2996"
"1370","American Wigeon","2003","33783","2818"
"1370","American Wigeon","2004","35214","3036"
"1370","American Wigeon","2005","47852","3774"
"1370","American Wigeon","2006","43125","3580"
"1370","American Wigeon","2007","32455","2689"
"1370","American Wigeon","2008","29625","3384"
"1370","American Wigeon","2009","27599","2696"
"1370","American Wigeon","2010","31993","3229"
"1370","American Wigeon","2011","37347","3671"
"1370","American Wigeon","2012","31382","3082"
"1370","American Wigeon","2013","27335","2483"
"1370","American Wigeon","2014","38097","5969"
"1370","American Wigeon","2015","38715","5205"
"1370","American Wigeon","2016","49443","5535"
"1370","American Wigeon","2017","34531","4457"
"1370","American Wigeon","2018","39826","4035"
"1380","Eurasian Green-winged Teal","1969","209","16"
"1380","Eurasian Green-winged Teal","1980","438","33"
"1380","Eurasian Green-winged Teal","1981","93","14"
"1380","Eurasian Green-winged Teal","1984","5576","1353"
"1380","Eurasian Green-winged Teal","1985","147","0"
"1380","Eurasian Green-winged Teal","1989","72","84"
"1380","Eurasian Green-winged Teal","1993","660","575"
"1390","American Green-winged Teal","1969","214775","10736"
"1390","American Green-winged Teal","1970","227198","11094"
"1390","American Green-winged Teal","1971","196636","9663"
"1390","American Green-winged Teal","1972","189018","7065"
"1390","American Green-winged Teal","1973","163979","5984"
"1390","American Green-winged Teal","1974","191329","8054"
"1390","American Green-winged Teal","1975","201827","3508"
"1390","American Green-winged Teal","1976","236153","4273"
"1390","American Green-winged Teal","1977","271921","0"
"1390","American Green-winged Teal","1978","226202","3546"
"1390","American Green-winged Teal","1979","161270","2875"
"1390","American Green-winged Teal","1980","175153","3079"
"1390","American Green-winged Teal","1981","176127","3634"
"1390","American Green-winged Teal","1982","203801","4456"
"1390","American Green-winged Teal","1983","162941","3278"
"1390","American Green-winged Teal","1984","145664","7226"
"1390","American Green-winged Teal","1985","196599","8961"
"1390","American Green-winged Teal","1986","172010","28918"
"1390","American Green-winged Teal","1987","134467","9415"
"1390","American Green-winged Teal","1988","145286","17067"
"1390","American Green-winged Teal","1989","195640","29934"
"1390","American Green-winged Teal","1990","200012","26880"
"1390","American Green-winged Teal","1991","113064","14256"
"1390","American Green-winged Teal","1992","99105","4100"
"1390","American Green-winged Teal","1993","132306","5347"
"1390","American Green-winged Teal","1994","126837","5377"
"1390","American Green-winged Teal","1995","145537","6076"
"1390","American Green-winged Teal","1996","93534","4032"
"1390","American Green-winged Teal","1997","111378","5130"
"1390","American Green-winged Teal","1998","124693","4910"
"1390","American Green-winged Teal","1999","154757","5618"
"1390","American Green-winged Teal","2000","116458","4958"
"1390","American Green-winged Teal","2001","89426","4954"
"1390","American Green-winged Teal","2002","111754","5544"
"1390","American Green-winged Teal","2003","90919","3982"
"1390","American Green-winged Teal","2004","71720","3918"
"1390","American Green-winged Teal","2005","71786","3595"
"1390","American Green-winged Teal","2006","69828","4164"
"1390","American Green-winged Teal","2007","91910","5135"
"1390","American Green-winged Teal","2008","88169","4907"
"1390","American Green-winged Teal","2009","67362","4012"
"1390","American Green-winged Teal","2010","75831","4428"
"1390","American Green-winged Teal","2011","54157","3739"
"1390","American Green-winged Teal","2012","63891","4594"
"1390","American Green-winged Teal","2013","82984","6728"
"1390","American Green-winged Teal","2014","56270","4074"
"1390","American Green-winged Teal","2015","65436","4790"
"1390","American Green-winged Teal","2016","69037","6060"
"1390","American Green-winged Teal","2017","47106","3767"
"1390","American Green-winged Teal","2018","52259","5479"
"1400","Blue-winged Teal","1969","119599","6776"
"1400","Blue-winged Teal","1970","133270","6647"
"1400","Blue-winged Teal","1971","134352","6572"
"1400","Blue-winged Teal","1972","129088","4783"
"1400","Blue-winged Teal","1973","133228","5097"
"1400","Blue-winged Teal","1974","129325","4988"
"1400","Blue-winged Teal","1975","151859","3111"
"1400","Blue-winged Teal","1976","186428","3634"
"1400","Blue-winged Teal","1977","144323","0"
"1400","Blue-winged Teal","1978","138595","2560"
"1400","Blue-winged Teal","1979","109109","1978"
"1400","Blue-winged Teal","1980","91430","1814"
"1400","Blue-winged Teal","1981","71298","1621"
"1400","Blue-winged Teal","1982","79141","2003"
"1400","Blue-winged Teal","1983","114642","2143"
"1400","Blue-winged Teal","1984","72160","8670"
"1400","Blue-winged Teal","1985","58348","4728"
"1400","Blue-winged Teal","1986","73930","11779"
"1400","Blue-winged Teal","1987","46974","4254"
"1400","Blue-winged Teal","1988","43272","6846"
"1400","Blue-winged Teal","1989","42444","4004"
"1400","Blue-winged Teal","1990","37572","3301"
"1400","Blue-winged Teal","1991","29047","2880"
"1400","Blue-winged Teal","1992","22459","1760"
"1400","Blue-winged Teal","1993","29190","2221"
"1400","Blue-winged Teal","1994","33937","2223"
"1400","Blue-winged Teal","1995","51410","4046"
"1400","Blue-winged Teal","1996","53939","3551"
"1400","Blue-winged Teal","1997","52504","3507"
"1400","Blue-winged Teal","1998","40182","4035"
"1400","Blue-winged Teal","1999","41033","2682"
"1400","Blue-winged Teal","2000","29117","2489"
"1400","Blue-winged Teal","2001","42200","3336"
"1400","Blue-winged Teal","2002","28964","2592"
"1400","Blue-winged Teal","2003","35675","8683"
"1400","Blue-winged Teal","2004","30124","3213"
"1400","Blue-winged Teal","2005","40538","4870"
"1400","Blue-winged Teal","2006","37253","4546"
"1400","Blue-winged Teal","2007","36525","4121"
"1400","Blue-winged Teal","2008","44292","5990"
"1400","Blue-winged Teal","2009","21935","2309"
"1400","Blue-winged Teal","2010","38546","5120"
"1400","Blue-winged Teal","2011","49421","5908"
"1400","Blue-winged Teal","2012","46500","4556"
"1400","Blue-winged Teal","2013","78347","8928"
"1400","Blue-winged Teal","2014","51647","5662"
"1400","Blue-winged Teal","2015","51705","10920"
"1400","Blue-winged Teal","2016","34719","5697"
"1400","Blue-winged Teal","2017","44360","8028"
"1400","Blue-winged Teal","2018","42024","7116"
"1420","Northern Shoveler","1969","60784","4056"
"1420","Northern Shoveler","1970","74231","5292"
"1420","Northern Shoveler","1971","58737","4139"
"1420","Northern Shoveler","1972","56954","3331"
"1420","Northern Shoveler","1973","52783","3352"
"1420","Northern Shoveler","1974","70135","4102"
"1420","Northern Shoveler","1975","70234","1515"
"1420","Northern Shoveler","1976","64967","1337"
"1420","Northern Shoveler","1977","45312","0"
"1420","Northern Shoveler","1978","44978","906"
"1420","Northern Shoveler","1979","48971","1046"
"1420","Northern Shoveler","1980","49890","1213"
"1420","Northern Shoveler","1981","33710","894"
"1420","Northern Shoveler","1982","37457","871"
"1420","Northern Shoveler","1983","46579","1265"
"1420","Northern Shoveler","1984","33239","8259"
"1420","Northern Shoveler","1985","26859","4416"
"1420","Northern Shoveler","1986","37939","5061"
"1420","Northern Shoveler","1987","22088","3032"
"1420","Northern Shoveler","1988","17853","4807"
"1420","Northern Shoveler","1989","18816","2397"
"1420","Northern Shoveler","1990","14631","2011"
"1420","Northern Shoveler","1991","13540","2529"
"1420","Northern Shoveler","1992","15277","1932"
"1420","Northern Shoveler","1993","10079","1406"
"1420","Northern Shoveler","1994","18163","1835"
"1420","Northern Shoveler","1995","14826","1844"
"1420","Northern Shoveler","1996","25252","2294"
"1420","Northern Shoveler","1997","27866","2546"
"1420","Northern Shoveler","1998","22815","2676"
"1420","Northern Shoveler","1999","25527","3203"
"1420","Northern Shoveler","2000","14864","1743"
"1420","Northern Shoveler","2001","20305","3251"
"1420","Northern Shoveler","2002","18153","2259"
"1420","Northern Shoveler","2003","24927","4880"
"1420","Northern Shoveler","2004","16857","2257"
"1420","Northern Shoveler","2005","30793","4503"
"1420","Northern Shoveler","2006","24524","3171"
"1420","Northern Shoveler","2007","27543","2892"
"1420","Northern Shoveler","2008","18717","2962"
"1420","Northern Shoveler","2009","15489","3833"
"1420","Northern Shoveler","2010","27452","5462"
"1420","Northern Shoveler","2011","37460","4800"
"1420","Northern Shoveler","2012","20207","3943"
"1420","Northern Shoveler","2013","31680","4167"
"1420","Northern Shoveler","2014","21906","3769"
"1420","Northern Shoveler","2015","18582","3264"
"1420","Northern Shoveler","2016","26374","4334"
"1420","Northern Shoveler","2017","20759","5019"
"1420","Northern Shoveler","2018","18304","3631"
"1430","Northern Pintail","1969","138287","6063"
"1430","Northern Pintail","1970","211275","8944"
"1430","Northern Pintail","1971","172196","7618"
"1430","Northern Pintail","1972","195585","7148"
"1430","Northern Pintail","1973","218861","7492"
"1430","Northern Pintail","1974","220268","8305"
"1430","Northern Pintail","1975","216969","3794"
"1430","Northern Pintail","1976","200589","4601"
"1430","Northern Pintail","1977","191921","0"
"1430","Northern Pintail","1978","135235","2311"
"1430","Northern Pintail","1979","145622","2755"
"1430","Northern Pintail","1980","128770","2389"
"1430","Northern Pintail","1981","110995","2669"
"1430","Northern Pintail","1982","104798","2180"
"1430","Northern Pintail","1983","101795","2064"
"1430","Northern Pintail","1984","103417","8655"
"1430","Northern Pintail","1985","91110","6267"
"1430","Northern Pintail","1986","59988","8496"
"1430","Northern Pintail","1987","67182","6311"
"1430","Northern Pintail","1988","69357","7913"
"1430","Northern Pintail","1989","62960","7334"
"1430","Northern Pintail","1990","71637","6153"
"1430","Northern Pintail","1991","35220","3189"
"1430","Northern Pintail","1992","33417","2167"
"1430","Northern Pintail","1993","37753","2470"
"1430","Northern Pintail","1994","44442","2602"
"1430","Northern Pintail","1995","44313","3746"
"1430","Northern Pintail","1996","52697","3868"
"1430","Northern Pintail","1997","60761","3742"
"1430","Northern Pintail","1998","59854","4290"
"1430","Northern Pintail","1999","55693","3375"
"1430","Northern Pintail","2000","56431","4359"
"1430","Northern Pintail","2001","39654","3180"
"1430","Northern Pintail","2002","57038","3401"
"1430","Northern Pintail","2003","47959","3292"
"1430","Northern Pintail","2004","59950","5233"
"1430","Northern Pintail","2005","43815","3717"
"1430","Northern Pintail","2006","46517","3550"
"1430","Northern Pintail","2007","56800","4253"
"1430","Northern Pintail","2008","50920","4671"
"1430","Northern Pintail","2009","40326","6729"
"1430","Northern Pintail","2010","42791","3592"
"1430","Northern Pintail","2011","49313","4594"
"1430","Northern Pintail","2012","41841","3902"
"1430","Northern Pintail","2013","55792","5365"
"1430","Northern Pintail","2014","66467","6927"
"1430","Northern Pintail","2015","39521","4544"
"1430","Northern Pintail","2016","36270","4552"
"1430","Northern Pintail","2017","53352","12010"
"1430","Northern Pintail","2018","36513","4843"
"1440","Wood Duck","1969","62722","6025"
"1440","Wood Duck","1970","80659","7692"
"1440","Wood Duck","1971","63496","6152"
"1440","Wood Duck","1972","77258","4284"
"1440","Wood Duck","1973","74484","4642"
"1440","Wood Duck","1974","84304","4316"
"1440","Wood Duck","1975","106101","3961"
"1440","Wood Duck","1976","113302","4153"
"1440","Wood Duck","1977","128219","0"
"1440","Wood Duck","1978","143015","4964"
"1440","Wood Duck","1979","113863","3675"
"1440","Wood Duck","1980","119178","3855"
"1440","Wood Duck","1981","123129","4561"
"1440","Wood Duck","1982","117379","4229"
"1440","Wood Duck","1983","144196","3103"
"1440","Wood Duck","1984","144041","6934"
"1440","Wood Duck","1985","140710","8233"
"1440","Wood Duck","1986","122461","34953"
"1440","Wood Duck","1987","144752","12707"
"1440","Wood Duck","1988","130091","17763"
"1440","Wood Duck","1989","130676","15167"
"1440","Wood Duck","1990","138783","13411"
"1440","Wood Duck","1991","127331","7940"
"1440","Wood Duck","1992","108631","4080"
"1440","Wood Duck","1993","120960","4563"
"1440","Wood Duck","1994","133113","5214"
"1440","Wood Duck","1995","108896","4643"
"1440","Wood Duck","1996","106589","3997"
"1440","Wood Duck","1997","102489","3488"
"1440","Wood Duck","1998","100544","3640"
"1440","Wood Duck","1999","83806","3140"
"1440","Wood Duck","2000","77735","3227"
"1440","Wood Duck","2001","77392","3126"
"1440","Wood Duck","2002","73719","3517"
"1440","Wood Duck","2003","57966","2915"
"1440","Wood Duck","2004","64165","3104"
"1440","Wood Duck","2005","68938","3462"
"1440","Wood Duck","2006","59144","2932"
"1440","Wood Duck","2007","62259","3195"
"1440","Wood Duck","2008","66127","4116"
"1440","Wood Duck","2009","61454","3599"
"1440","Wood Duck","2010","61066","3440"
"1440","Wood Duck","2011","74710","4671"
"1440","Wood Duck","2012","76281","4434"
"1440","Wood Duck","2013","70945","3988"
"1440","Wood Duck","2014","82581","4826"
"1440","Wood Duck","2015","98818","6125"
"1440","Wood Duck","2016","88710","5364"
"1440","Wood Duck","2017","90114","5093"
"1440","Wood Duck","2018","66620","3922"
"1460","Redhead","1969","43361","2713"
"1460","Redhead","1970","55432","3813"
"1460","Redhead","1971","46020","2864"
"1460","Redhead","1972","56555","3407"
"1460","Redhead","1973","33026","1898"
"1460","Redhead","1974","50893","2607"
"1460","Redhead","1975","53275","1134"
"1460","Redhead","1976","61886","1356"
"1460","Redhead","1977","40954","0"
"1460","Redhead","1978","41785","858"
"1460","Redhead","1979","66466","1534"
"1460","Redhead","1980","52614","1407"
"1460","Redhead","1981","28419","796"
"1460","Redhead","1982","26041","780"
"1460","Redhead","1983","57235","1404"
"1460","Redhead","1984","17363","2892"
"1460","Redhead","1985","27561","3548"
"1460","Redhead","1986","42447","9864"
"1460","Redhead","1987","23388","3122"
"1460","Redhead","1988","8728","1555"
"1460","Redhead","1989","6569","1658"
"1460","Redhead","1990","16407","3262"
"1460","Redhead","1991","13420","2500"
"1460","Redhead","1992","10815","1548"
"1460","Redhead","1993","11939","1627"
"1460","Redhead","1994","20781","2505"
"1460","Redhead","1995","15993","4449"
"1460","Redhead","1996","17740","1823"
"1460","Redhead","1997","21681","3052"
"1460","Redhead","1998","13936","2150"
"1460","Redhead","1999","16334","2564"
"1460","Redhead","2000","22964","10351"
"1460","Redhead","2001","13061","4580"
"1460","Redhead","2002","8162","1458"
"1460","Redhead","2003","15521","4416"
"1460","Redhead","2004","8730","1593"
"1460","Redhead","2005","36172","4764"
"1460","Redhead","2006","19773","4002"
"1460","Redhead","2007","18648","3281"
"1460","Redhead","2008","15566","2903"
"1460","Redhead","2009","17966","2578"
"1460","Redhead","2010","30432","5044"
"1460","Redhead","2011","19941","2936"
"1460","Redhead","2012","15382","2707"
"1460","Redhead","2013","23214","5399"
"1460","Redhead","2014","29401","4608"
"1460","Redhead","2015","23450","3351"
"1460","Redhead","2016","17022","3302"
"1460","Redhead","2017","16022","2996"
"1460","Redhead","2018","26961","4559"
"1470","Canvasback","1969","19946","1993"
"1470","Canvasback","1970","27324","2578"
"1470","Canvasback","1971","23453","2664"
"1470","Canvasback","1972","28299","2718"
"1470","Canvasback","1973","22727","2752"
"1470","Canvasback","1974","33299","3100"
"1470","Canvasback","1975","43473","1167"
"1470","Canvasback","1976","38042","1172"
"1470","Canvasback","1977","16306","0"
"1470","Canvasback","1978","27086","770"
"1470","Canvasback","1979","35730","1044"
"1470","Canvasback","1980","27133","796"
"1470","Canvasback","1981","19634","629"
"1470","Canvasback","1982","18913","571"
"1470","Canvasback","1983","24985","777"
"1470","Canvasback","1984","18895","3165"
"1470","Canvasback","1985","18768","4776"
"1470","Canvasback","1986","29492","7645"
"1470","Canvasback","1987","11418","2398"
"1470","Canvasback","1988","7503","1282"
"1470","Canvasback","1989","6060","1848"
"1470","Canvasback","1990","8539","2311"
"1470","Canvasback","1991","9303","2163"
"1470","Canvasback","1992","4627","1147"
"1470","Canvasback","1993","6652","1838"
"1470","Canvasback","1994","8174","1778"
"1470","Canvasback","1995","12424","2587"
"1470","Canvasback","1996","12557","2011"
"1470","Canvasback","1997","16537","2532"
"1470","Canvasback","1998","8649","1471"
"1470","Canvasback","1999","8036","2071"
"1470","Canvasback","2000","9587","3628"
"1470","Canvasback","2001","6134","1701"
"1470","Canvasback","2002","5252","1214"
"1470","Canvasback","2003","9273","2219"
"1470","Canvasback","2004","4497","1138"
"1470","Canvasback","2005","13157","3636"
"1470","Canvasback","2006","10291","1910"
"1470","Canvasback","2007","12421","1897"
"1470","Canvasback","2008","9295","2002"
"1470","Canvasback","2009","10108","3443"
"1470","Canvasback","2010","5885","1340"
"1470","Canvasback","2011","12998","4223"
"1470","Canvasback","2012","5584","1837"
"1470","Canvasback","2013","14109","4669"
"1470","Canvasback","2014","19307","4071"
"1470","Canvasback","2015","20461","4411"
"1470","Canvasback","2016","10581","3746"
"1470","Canvasback","2017","9504","2131"
"1470","Canvasback","2018","13409","2723"
"1480","Greater Scaup","1969","64078","5755"
"1480","Greater Scaup","1970","65729","6301"
"1480","Greater Scaup","1971","47202","4300"
"1480","Greater Scaup","1972","71574","5961"
"1480","Greater Scaup","1973","96059","7026"
"1480","Greater Scaup","1974","72186","5070"
"1480","Greater Scaup","1975","70996","2700"
"1480","Greater Scaup","1976","75774","2450"
"1480","Greater Scaup","1977","71028","0"
"1480","Greater Scaup","1978","43175","1361"
"1480","Greater Scaup","1979","50148","2007"
"1480","Greater Scaup","1980","54240","1734"
"1480","Greater Scaup","1981","49676","1823"
"1480","Greater Scaup","1982","34239","1248"
"1480","Greater Scaup","1983","55289","1595"
"1480","Greater Scaup","1984","48387","4818"
"1480","Greater Scaup","1985","50907","6505"
"1480","Greater Scaup","1986","53558","17875"
"1480","Greater Scaup","1987","24341","4580"
"1480","Greater Scaup","1988","32569","5189"
"1480","Greater Scaup","1989","33793","8716"
"1480","Greater Scaup","1990","27542","3749"
"1480","Greater Scaup","1991","19693","2704"
"1480","Greater Scaup","1992","18191","2142"
"1480","Greater Scaup","1993","25082","3324"
"1480","Greater Scaup","1994","17725","2594"
"1480","Greater Scaup","1995","20358","3057"
"1480","Greater Scaup","1996","16422","1831"
"1480","Greater Scaup","1997","12963","1480"
"1480","Greater Scaup","1998","12662","1362"
"1480","Greater Scaup","1999","11538","1095"
"1480","Greater Scaup","2000","9042","1456"
"1480","Greater Scaup","2001","9516","1406"
"1480","Greater Scaup","2002","11547","1274"
"1480","Greater Scaup","2003","9563","1495"
"1480","Greater Scaup","2004","12144","1399"
"1480","Greater Scaup","2005","5813","924"
"1480","Greater Scaup","2006","8644","1424"
"1480","Greater Scaup","2007","8672","1750"
"1480","Greater Scaup","2008","8537","1509"
"1480","Greater Scaup","2009","5096","1019"
"1480","Greater Scaup","2010","6886","1164"
"1480","Greater Scaup","2011","5532","992"
"1480","Greater Scaup","2012","6387","1385"
"1480","Greater Scaup","2013","9512","1672"
"1480","Greater Scaup","2014","8969","2087"
"1480","Greater Scaup","2015","8163","1571"
"1480","Greater Scaup","2016","7617","1332"
"1480","Greater Scaup","2017","4765","1194"
"1480","Greater Scaup","2018","11527","2195"
"1490","Lesser Scaup","1969","141089","8335"
"1490","Lesser Scaup","1970","136157","8300"
"1490","Lesser Scaup","1971","84782","4894"
"1490","Lesser Scaup","1972","124049","6163"
"1490","Lesser Scaup","1973","111056","5515"
"1490","Lesser Scaup","1974","164112","8196"
"1490","Lesser Scaup","1975","136472","3246"
"1490","Lesser Scaup","1976","148223","3422"
"1490","Lesser Scaup","1977","112351","0"
"1490","Lesser Scaup","1978","94679","1871"
"1490","Lesser Scaup","1979","98910","2401"
"1490","Lesser Scaup","1980","137055","3251"
"1490","Lesser Scaup","1981","126391","3659"
"1490","Lesser Scaup","1982","108088","2720"
"1490","Lesser Scaup","1983","101338","2431"
"1490","Lesser Scaup","1984","109919","7005"
"1490","Lesser Scaup","1985","115939","9468"
"1490","Lesser Scaup","1986","101933","21490"
"1490","Lesser Scaup","1987","72420","7769"
"1490","Lesser Scaup","1988","73034","10491"
"1490","Lesser Scaup","1989","85877","20222"
"1490","Lesser Scaup","1990","68271","11872"
"1490","Lesser Scaup","1991","66833","9185"
"1490","Lesser Scaup","1992","53135","4171"
"1490","Lesser Scaup","1993","69986","5498"
"1490","Lesser Scaup","1994","58677","4082"
"1490","Lesser Scaup","1995","56850","5827"
"1490","Lesser Scaup","1996","41435","3395"
"1490","Lesser Scaup","1997","43940","4208"
"1490","Lesser Scaup","1998","45253","4315"
"1490","Lesser Scaup","1999","42145","4973"
"1490","Lesser Scaup","2000","27882","2560"
"1490","Lesser Scaup","2001","30243","3319"
"1490","Lesser Scaup","2002","32961","2631"
"1490","Lesser Scaup","2003","31129","4049"
"1490","Lesser Scaup","2004","24680","2789"
"1490","Lesser Scaup","2005","23787","2991"
"1490","Lesser Scaup","2006","32027","3052"
"1490","Lesser Scaup","2007","30783","3949"
"1490","Lesser Scaup","2008","38104","5399"
"1490","Lesser Scaup","2009","27399","6599"
"1490","Lesser Scaup","2010","35208","4313"
"1490","Lesser Scaup","2011","21066","2904"
"1490","Lesser Scaup","2012","29889","4204"
"1490","Lesser Scaup","2013","32139","5073"
"1490","Lesser Scaup","2014","26134","4975"
"1490","Lesser Scaup","2015","23550","4059"
"1490","Lesser Scaup","2016","21856","6111"
"1490","Lesser Scaup","2017","13340","2646"
"1490","Lesser Scaup","2018","29110","5258"
"1500","Ring-necked Duck","1969","82384","7022"
"1500","Ring-necked Duck","1970","100008","7515"
"1500","Ring-necked Duck","1971","77735","6173"
"1500","Ring-necked Duck","1972","89377","5971"
"1500","Ring-necked Duck","1973","81996","4897"
"1500","Ring-necked Duck","1974","102549","6280"
"1500","Ring-necked Duck","1975","130608","3506"
"1500","Ring-necked Duck","1976","95479","2365"
"1500","Ring-necked Duck","1977","117254","0"
"1500","Ring-necked Duck","1978","123887","2854"
"1500","Ring-necked Duck","1979","125490","3317"
"1500","Ring-necked Duck","1980","128138","3387"
"1500","Ring-necked Duck","1981","118061","3916"
"1500","Ring-necked Duck","1982","121962","4565"
"1500","Ring-necked Duck","1983","120317","2458"
"1500","Ring-necked Duck","1984","147639","10357"
"1500","Ring-necked Duck","1985","145913","8760"
"1500","Ring-necked Duck","1986","136318","26949"
"1500","Ring-necked Duck","1987","100998","9554"
"1500","Ring-necked Duck","1988","98664","10836"
"1500","Ring-necked Duck","1989","86786","12782"
"1500","Ring-necked Duck","1990","110132","14286"
"1500","Ring-necked Duck","1991","99953","7493"
"1500","Ring-necked Duck","1992","89637","4772"
"1500","Ring-necked Duck","1993","95069","4640"
"1500","Ring-necked Duck","1994","70176","4322"
"1500","Ring-necked Duck","1995","68121","4214"
"1500","Ring-necked Duck","1996","57738","3058"
"1500","Ring-necked Duck","1997","57211","3336"
"1500","Ring-necked Duck","1998","68518","3916"
"1500","Ring-necked Duck","1999","52280","3317"
"1500","Ring-necked Duck","2000","52221","3467"
"1500","Ring-necked Duck","2001","46679","3384"
"1500","Ring-necked Duck","2002","46461","3102"
"1500","Ring-necked Duck","2003","33798","2442"
"1500","Ring-necked Duck","2004","46282","3442"
"1500","Ring-necked Duck","2005","47740","3425"
"1500","Ring-necked Duck","2006","51772","3729"
"1500","Ring-necked Duck","2007","39086","3346"
"1500","Ring-necked Duck","2008","36175","2968"
"1500","Ring-necked Duck","2009","35662","3121"
"1500","Ring-necked Duck","2010","36295","3131"
"1500","Ring-necked Duck","2011","40394","4263"
"1500","Ring-necked Duck","2012","49238","4867"
"1500","Ring-necked Duck","2013","30453","4109"
"1500","Ring-necked Duck","2014","28358","3193"
"1500","Ring-necked Duck","2015","31398","3086"
"1500","Ring-necked Duck","2016","26111","3042"
"1500","Ring-necked Duck","2017","22927","2818"
"1500","Ring-necked Duck","2018","29936","2668"
"1510","Common Goldeneye","1969","116550","10061"
"1510","Common Goldeneye","1970","82233","6520"
"1510","Common Goldeneye","1971","91422","7500"
"1510","Common Goldeneye","1972","132457","9733"
"1510","Common Goldeneye","1973","85499","6065"
"1510","Common Goldeneye","1974","121161","8522"
"1510","Common Goldeneye","1975","103584","3499"
"1510","Common Goldeneye","1976","93756","3637"
"1510","Common Goldeneye","1977","99708","0"
"1510","Common Goldeneye","1978","113172","3158"
"1510","Common Goldeneye","1979","94492","3369"
"1510","Common Goldeneye","1980","103748","3556"
"1510","Common Goldeneye","1981","109485","5001"
"1510","Common Goldeneye","1982","87243","3705"
"1510","Common Goldeneye","1983","87415","2967"
"1510","Common Goldeneye","1984","86294","10268"
"1510","Common Goldeneye","1985","84080","8118"
"1510","Common Goldeneye","1986","77527","20653"
"1510","Common Goldeneye","1987","67836","10173"
"1510","Common Goldeneye","1988","81255","11460"
"1510","Common Goldeneye","1989","67753","12695"
"1510","Common Goldeneye","1990","76692","16651"
"1510","Common Goldeneye","1991","47741","4803"
"1510","Common Goldeneye","1992","46295","3595"
"1510","Common Goldeneye","1993","70002","5516"
"1510","Common Goldeneye","1994","41462","3926"
"1510","Common Goldeneye","1995","40735","4156"
"1510","Common Goldeneye","1996","44089","3741"
"1510","Common Goldeneye","1997","29141","2486"
"1510","Common Goldeneye","1998","25903","2648"
"1510","Common Goldeneye","1999","34086","3505"
"1510","Common Goldeneye","2000","31022","4179"
"1510","Common Goldeneye","2001","23553","2145"
"1510","Common Goldeneye","2002","18573","1810"
"1510","Common Goldeneye","2003","25022","2634"
"1510","Common Goldeneye","2004","23221","2352"
"1510","Common Goldeneye","2005","19697","2559"
"1510","Common Goldeneye","2006","21514","3882"
"1510","Common Goldeneye","2007","19902","2456"
"1510","Common Goldeneye","2008","21967","2595"
"1510","Common Goldeneye","2009","21024","2562"
"1510","Common Goldeneye","2010","15520","2413"
"1510","Common Goldeneye","2011","24435","3957"
"1510","Common Goldeneye","2012","16928","3892"
"1510","Common Goldeneye","2013","18534","3384"
"1510","Common Goldeneye","2014","12116","2009"
"1510","Common Goldeneye","2015","15192","2600"
"1510","Common Goldeneye","2016","9929","1667"
"1510","Common Goldeneye","2017","12734","2172"
"1510","Common Goldeneye","2018","19268","3557"
"1520","Barrow's Goldeneye","1969","4759","653"
"1520","Barrow's Goldeneye","1970","6100","786"
"1520","Barrow's Goldeneye","1971","3913","519"
"1520","Barrow's Goldeneye","1972","7771","891"
"1520","Barrow's Goldeneye","1973","5413","705"
"1520","Barrow's Goldeneye","1974","7103","1186"
"1520","Barrow's Goldeneye","1975","5687","312"
"1520","Barrow's Goldeneye","1976","12393","498"
"1520","Barrow's Goldeneye","1977","4653","0"
"1520","Barrow's Goldeneye","1978","6090","558"
"1520","Barrow's Goldeneye","1979","3632","217"
"1520","Barrow's Goldeneye","1980","5748","377"
"1520","Barrow's Goldeneye","1981","7730","373"
"1520","Barrow's Goldeneye","1982","1801","146"
"1520","Barrow's Goldeneye","1983","8712","539"
"1520","Barrow's Goldeneye","1984","5245","1755"
"1520","Barrow's Goldeneye","1985","1581","594"
"1520","Barrow's Goldeneye","1986","3073","1719"
"1520","Barrow's Goldeneye","1987","2070","664"
"1520","Barrow's Goldeneye","1988","2317","913"
"1520","Barrow's Goldeneye","1989","4321","1224"
"1520","Barrow's Goldeneye","1990","1027","414"
"1520","Barrow's Goldeneye","1991","3085","1233"
"1520","Barrow's Goldeneye","1992","3649","932"
"1520","Barrow's Goldeneye","1993","3671","781"
"1520","Barrow's Goldeneye","1994","2793","766"
"1520","Barrow's Goldeneye","1995","1295","444"
"1520","Barrow's Goldeneye","1996","1235","470"
"1520","Barrow's Goldeneye","1997","523","344"
"1520","Barrow's Goldeneye","1998","2762","735"
"1520","Barrow's Goldeneye","1999","1449","422"
"1520","Barrow's Goldeneye","2000","1091","352"
"1520","Barrow's Goldeneye","2001","987","332"
"1520","Barrow's Goldeneye","2002","416","220"
"1520","Barrow's Goldeneye","2003","748","403"
"1520","Barrow's Goldeneye","2004","1401","347"
"1520","Barrow's Goldeneye","2005","1043","357"
"1520","Barrow's Goldeneye","2006","712","315"
"1520","Barrow's Goldeneye","2007","257","124"
"1520","Barrow's Goldeneye","2008","435","231"
"1520","Barrow's Goldeneye","2009","554","313"
"1520","Barrow's Goldeneye","2010","127","98"
"1520","Barrow's Goldeneye","2011","711","277"
"1520","Barrow's Goldeneye","2012","1111","777"
"1520","Barrow's Goldeneye","2013","1071","502"
"1520","Barrow's Goldeneye","2014","716","387"
"1520","Barrow's Goldeneye","2015","362","115"
"1520","Barrow's Goldeneye","2016","44","0"
"1520","Barrow's Goldeneye","2017","279","298"
"1520","Barrow's Goldeneye","2018","1690","455"
"1530","Bufflehead","1969","63848","5812"
"1530","Bufflehead","1970","46257","3781"
"1530","Bufflehead","1971","41777","3528"
"1530","Bufflehead","1972","69889","5112"
"1530","Bufflehead","1973","43878","2945"
"1530","Bufflehead","1974","81239","6148"
"1530","Bufflehead","1975","73900","2535"
"1530","Bufflehead","1976","63211","2226"
"1530","Bufflehead","1977","67967","0"
"1530","Bufflehead","1978","67806","2373"
"1530","Bufflehead","1979","59941","2313"
"1530","Bufflehead","1980","55346","2151"
"1530","Bufflehead","1981","50820","2304"
"1530","Bufflehead","1982","36359","1332"
"1530","Bufflehead","1983","52858","1751"
"1530","Bufflehead","1984","47722","6868"
"1530","Bufflehead","1985","43587","6989"
"1530","Bufflehead","1986","42059","12611"
"1530","Bufflehead","1987","36452","4808"
"1530","Bufflehead","1988","37977","10357"
"1530","Bufflehead","1989","28416","5102"
"1530","Bufflehead","1990","27801","4455"
"1530","Bufflehead","1991","33321","3981"
"1530","Bufflehead","1992","37816","3417"
"1530","Bufflehead","1993","35285","4036"
"1530","Bufflehead","1994","33139","4350"
"1530","Bufflehead","1995","29376","3931"
"1530","Bufflehead","1996","27911","2851"
"1530","Bufflehead","1997","26078","3122"
"1530","Bufflehead","1998","18359","2257"
"1530","Bufflehead","1999","21428","3250"
"1530","Bufflehead","2000","24556","3002"
"1530","Bufflehead","2001","13729","2359"
"1530","Bufflehead","2002","16232","1871"
"1530","Bufflehead","2003","12265","1969"
"1530","Bufflehead","2004","12723","1809"
"1530","Bufflehead","2005","14079","2292"
"1530","Bufflehead","2006","13839","2148"
"1530","Bufflehead","2007","21283","2563"
"1530","Bufflehead","2008","17077","1995"
"1530","Bufflehead","2009","14815","3161"
"1530","Bufflehead","2010","19373","3291"
"1530","Bufflehead","2011","19559","2784"
"1530","Bufflehead","2012","18866","2424"
"1530","Bufflehead","2013","15444","2321"
"1530","Bufflehead","2014","16197","4247"
"1530","Bufflehead","2015","24701","5398"
"1530","Bufflehead","2016","15451","2847"
"1530","Bufflehead","2017","15922","3517"
"1530","Bufflehead","2018","25353","3730"
"1540","Long-Tailed Duck","1969","17189","2945"
"1540","Long-Tailed Duck","1970","30148","3222"
"1540","Long-Tailed Duck","1971","17669","1889"
"1540","Long-Tailed Duck","1972","20037","2669"
"1540","Long-Tailed Duck","1973","25792","2644"
"1540","Long-Tailed Duck","1974","19610","2538"
"1540","Long-Tailed Duck","1975","21339","859"
"1540","Long-Tailed Duck","1976","19742","1066"
"1540","Long-Tailed Duck","1977","10347","0"
"1540","Long-Tailed Duck","1978","11371","558"
"1540","Long-Tailed Duck","1979","22381","1233"
"1540","Long-Tailed Duck","1980","17748","759"
"1540","Long-Tailed Duck","1981","15222","1039"
"1540","Long-Tailed Duck","1982","17764","941"
"1540","Long-Tailed Duck","1983","19778","1279"
"1540","Long-Tailed Duck","1984","29099","8408"
"1540","Long-Tailed Duck","1985","11458","3174"
"1540","Long-Tailed Duck","1986","15946","7100"
"1540","Long-Tailed Duck","1987","11317","4254"
"1540","Long-Tailed Duck","1988","11119","2832"
"1540","Long-Tailed Duck","1989","9504","5264"
"1540","Long-Tailed Duck","1990","5960","2435"
"1540","Long-Tailed Duck","1991","4961","1152"
"1540","Long-Tailed Duck","1992","4524","1038"
"1540","Long-Tailed Duck","1993","9155","2045"
"1540","Long-Tailed Duck","1994","8420","1241"
"1540","Long-Tailed Duck","1995","6028","906"
"1540","Long-Tailed Duck","1996","10094","1908"
"1540","Long-Tailed Duck","1997","5443","1018"
"1540","Long-Tailed Duck","1998","6852","3854"
"1540","Long-Tailed Duck","1999","2606","1059"
"1540","Long-Tailed Duck","2000","2650","982"
"1540","Long-Tailed Duck","2001","2437","855"
"1540","Long-Tailed Duck","2002","2654","716"
"1540","Long-Tailed Duck","2003","3914","1651"
"1540","Long-Tailed Duck","2004","3697","845"
"1540","Long-Tailed Duck","2005","1726","491"
"1540","Long-Tailed Duck","2006","1862","429"
"1540","Long-Tailed Duck","2007","2797","1006"
"1540","Long-Tailed Duck","2008","1778","545"
"1540","Long-Tailed Duck","2009","1707","856"
"1540","Long-Tailed Duck","2010","3773","1550"
"1540","Long-Tailed Duck","2011","2032","749"
"1540","Long-Tailed Duck","2012","642","129"
"1540","Long-Tailed Duck","2013","1876","493"
"1540","Long-Tailed Duck","2014","1373","566"
"1540","Long-Tailed Duck","2015","2246","1135"
"1540","Long-Tailed Duck","2016","1615","836"
"1540","Long-Tailed Duck","2017","2494","653"
"1540","Long-Tailed Duck","2018","5413","1931"
"1550","Harlequin Duck","1971","44","7"
"1550","Harlequin Duck","1974","77","6"
"1550","Harlequin Duck","1977","44","0"
"1550","Harlequin Duck","1979","731","54"
"1550","Harlequin Duck","1980","101","15"
"1550","Harlequin Duck","1984","461","768"
"1550","Harlequin Duck","1986","2453","1056"
"1550","Harlequin Duck","1987","1297","355"
"1550","Harlequin Duck","1988","1161","539"
"1550","Harlequin Duck","1989","282","264"
"1550","Harlequin Duck","1990","225","112"
"1550","Harlequin Duck","1991","178","145"
"1550","Harlequin Duck","1993","72","108"
"1550","Harlequin Duck","1994","292","0"
"1550","Harlequin Duck","1995","421","294"
"1550","Harlequin Duck","1996","199","0"
"1550","Harlequin Duck","2001","68","124"
"1550","Harlequin Duck","2008","109","140"
"1550","Harlequin Duck","2012","495","495"
"1590","Common Eider","1969","21866","4121"
"1590","Common Eider","1970","16639","3007"
"1590","Common Eider","1971","23266","6068"
"1590","Common Eider","1972","28776","7353"
"1590","Common Eider","1973","34008","7797"
"1590","Common Eider","1974","16217","2086"
"1590","Common Eider","1975","21864","1345"
"1590","Common Eider","1976","31914","3135"
"1590","Common Eider","1977","37711","0"
"1590","Common Eider","1978","31473","2978"
"1590","Common Eider","1979","25821","2264"
"1590","Common Eider","1980","27773","1544"
"1590","Common Eider","1981","24843","1413"
"1590","Common Eider","1982","23598","1886"
"1590","Common Eider","1983","49861","4300"
"1590","Common Eider","1984","33752","7158"
"1590","Common Eider","1985","19416","3756"
"1590","Common Eider","1986","30147","10763"
"1590","Common Eider","1987","25863","5448"
"1590","Common Eider","1988","22132","6909"
"1590","Common Eider","1989","23167","5773"
"1590","Common Eider","1990","26415","9318"
"1590","Common Eider","1991","23067","3928"
"1590","Common Eider","1992","39175","4404"
"1590","Common Eider","1993","26486","3086"
"1590","Common Eider","1994","22077","5787"
"1590","Common Eider","1995","21916","3486"
"1590","Common Eider","1996","19089","3295"
"1590","Common Eider","1997","19801","5809"
"1590","Common Eider","1998","10896","2477"
"1590","Common Eider","1999","9205","1995"
"1590","Common Eider","2000","15089","3488"
"1590","Common Eider","2001","18023","3201"
"1590","Common Eider","2002","19576","2684"
"1590","Common Eider","2003","14088","2702"
"1590","Common Eider","2004","12848","1871"
"1590","Common Eider","2005","18058","3061"
"1590","Common Eider","2006","22351","5799"
"1590","Common Eider","2007","28726","5625"
"1590","Common Eider","2008","30095","8395"
"1590","Common Eider","2009","17846","4584"
"1590","Common Eider","2010","11591","3238"
"1590","Common Eider","2011","16820","4545"
"1590","Common Eider","2012","16314","5192"
"1590","Common Eider","2013","14985","3911"
"1590","Common Eider","2014","8694","2464"
"1590","Common Eider","2015","9503","2172"
"1590","Common Eider","2016","12346","4824"
"1590","Common Eider","2017","11222","3409"
"1590","Common Eider","2018","10897","2973"
"1620","King Eider","1969","267","58"
"1620","King Eider","1970","548","59"
"1620","King Eider","1971","178","35"
"1620","King Eider","1974","251","19"
"1620","King Eider","1977","103","0"
"1620","King Eider","1978","82","7"
"1620","King Eider","1979","416","52"
"1620","King Eider","1980","278","26"
"1620","King Eider","1981","351","41"
"1620","King Eider","1982","927","129"
"1620","King Eider","1985","295","1051"
"1620","King Eider","1986","1522","1546"
"1620","King Eider","1987","1326","519"
"1620","King Eider","1988","62","69"
"1620","King Eider","1989","211","188"
"1620","King Eider","1990","591","272"
"1620","King Eider","1991","384","421"
"1620","King Eider","1992","216","232"
"1620","King Eider","1993","1108","493"
"1620","King Eider","1994","140","106"
"1620","King Eider","1995","696","572"
"1620","King Eider","1996","303","135"
"1620","King Eider","1997","48","46"
"1620","King Eider","1998","14","0"
"1620","King Eider","1999","57","51"
"1620","King Eider","2000","670","282"
"1620","King Eider","2001","168","125"
"1620","King Eider","2002","219","177"
"1620","King Eider","2004","228","161"
"1620","King Eider","2008","203","212"
"1620","King Eider","2012","24","23"
"1620","King Eider","2013","337","196"
"1630","Black Scoter","1969","11766","1658"
"1630","Black Scoter","1970","13694","1477"
"1630","Black Scoter","1971","7651","908"
"1630","Black Scoter","1972","9682","1046"
"1630","Black Scoter","1973","10767","866"
"1630","Black Scoter","1974","23349","2224"
"1630","Black Scoter","1975","25671","1224"
"1630","Black Scoter","1976","32264","1284"
"1630","Black Scoter","1977","38392","0"
"1630","Black Scoter","1978","10915","404"
"1630","Black Scoter","1979","18600","991"
"1630","Black Scoter","1980","15280","700"
"1630","Black Scoter","1981","23182","885"
"1630","Black Scoter","1982","16472","786"
"1630","Black Scoter","1983","10972","458"
"1630","Black Scoter","1984","13783","2605"
"1630","Black Scoter","1985","12700","2737"
"1630","Black Scoter","1986","8853","2769"
"1630","Black Scoter","1987","11066","2648"
"1630","Black Scoter","1988","5858","1539"
"1630","Black Scoter","1989","6829","1862"
"1630","Black Scoter","1990","7008","1562"
"1630","Black Scoter","1991","7372","1225"
"1630","Black Scoter","1992","4912","1136"
"1630","Black Scoter","1993","7896","1566"
"1630","Black Scoter","1994","7585","1436"
"1630","Black Scoter","1995","4915","1340"
"1630","Black Scoter","1996","3579","821"
"1630","Black Scoter","1997","3778","1187"
"1630","Black Scoter","1998","5205","1042"
"1630","Black Scoter","1999","3615","693"
"1630","Black Scoter","2000","2821","1104"
"1630","Black Scoter","2001","5206","1572"
"1630","Black Scoter","2002","3387","760"
"1630","Black Scoter","2003","2311","757"
"1630","Black Scoter","2004","2662","780"
"1630","Black Scoter","2005","2573","627"
"1630","Black Scoter","2006","2493","559"
"1630","Black Scoter","2007","897","318"
"1630","Black Scoter","2008","2672","847"
"1630","Black Scoter","2009","1016","385"
"1630","Black Scoter","2010","4628","1172"
"1630","Black Scoter","2011","2389","1037"
"1630","Black Scoter","2012","3314","1201"
"1630","Black Scoter","2013","1438","436"
"1630","Black Scoter","2014","1269","459"
"1630","Black Scoter","2015","2253","957"
"1630","Black Scoter","2016","2516","875"
"1630","Black Scoter","2017","3612","1180"
"1630","Black Scoter","2018","2987","1007"
"1650","White-winged Scoter","1969","21673","2636"
"1650","White-winged Scoter","1970","19779","2982"
"1650","White-winged Scoter","1971","16427","2215"
"1650","White-winged Scoter","1972","9149","999"
"1650","White-winged Scoter","1973","14384","1514"
"1650","White-winged Scoter","1974","29903","4181"
"1650","White-winged Scoter","1975","11887","515"
"1650","White-winged Scoter","1976","16928","580"
"1650","White-winged Scoter","1977","17535","0"
"1650","White-winged Scoter","1978","11297","370"
"1650","White-winged Scoter","1979","16074","592"
"1650","White-winged Scoter","1980","21249","720"
"1650","White-winged Scoter","1981","13225","520"
"1650","White-winged Scoter","1982","14928","602"
"1650","White-winged Scoter","1983","13325","548"
"1650","White-winged Scoter","1984","19029","3026"
"1650","White-winged Scoter","1985","14866","2546"
"1650","White-winged Scoter","1986","4979","1409"
"1650","White-winged Scoter","1987","11938","2860"
"1650","White-winged Scoter","1988","12741","2284"
"1650","White-winged Scoter","1989","11786","5616"
"1650","White-winged Scoter","1990","10128","2545"
"1650","White-winged Scoter","1991","4156","788"
"1650","White-winged Scoter","1992","7576","1337"
"1650","White-winged Scoter","1993","8943","1514"
"1650","White-winged Scoter","1994","9755","2425"
"1650","White-winged Scoter","1995","4315","1025"
"1650","White-winged Scoter","1996","4765","846"
"1650","White-winged Scoter","1997","4027","1143"
"1650","White-winged Scoter","1998","5210","1032"
"1650","White-winged Scoter","1999","2056","355"
"1650","White-winged Scoter","2000","1017","520"
"1650","White-winged Scoter","2001","2241","614"
"1650","White-winged Scoter","2002","2353","409"
"1650","White-winged Scoter","2003","2150","572"
"1650","White-winged Scoter","2004","1533","284"
"1650","White-winged Scoter","2005","1171","463"
"1650","White-winged Scoter","2006","2055","484"
"1650","White-winged Scoter","2007","830","297"
"1650","White-winged Scoter","2008","1524","567"
"1650","White-winged Scoter","2009","1925","528"
"1650","White-winged Scoter","2010","4394","1867"
"1650","White-winged Scoter","2011","2512","891"
"1650","White-winged Scoter","2012","1371","386"
"1650","White-winged Scoter","2013","1597","458"
"1650","White-winged Scoter","2014","483","267"
"1650","White-winged Scoter","2015","737","362"
"1650","White-winged Scoter","2016","885","365"
"1650","White-winged Scoter","2017","1507","539"
"1650","White-winged Scoter","2018","778","294"
"1660","Surf Scoter","1969","14056","1477"
"1660","Surf Scoter","1970","28109","3238"
"1660","Surf Scoter","1971","18802","2367"
"1660","Surf Scoter","1972","11691","1324"
"1660","Surf Scoter","1973","18850","1866"
"1660","Surf Scoter","1974","28241","3400"
"1660","Surf Scoter","1975","28754","1014"
"1660","Surf Scoter","1976","42941","1375"
"1660","Surf Scoter","1977","36066","0"
"1660","Surf Scoter","1978","14863","461"
"1660","Surf Scoter","1979","24129","845"
"1660","Surf Scoter","1980","22732","696"
"1660","Surf Scoter","1981","23075","844"
"1660","Surf Scoter","1982","29671","1768"
"1660","Surf Scoter","1983","11582","744"
"1660","Surf Scoter","1984","18968","4328"
"1660","Surf Scoter","1985","13380","2839"
"1660","Surf Scoter","1986","9310","3470"
"1660","Surf Scoter","1987","13135","3452"
"1660","Surf Scoter","1988","11636","2735"
"1660","Surf Scoter","1989","15439","5347"
"1660","Surf Scoter","1990","18452","5514"
"1660","Surf Scoter","1991","7768","1336"
"1660","Surf Scoter","1992","6113","1150"
"1660","Surf Scoter","1993","12560","1947"
"1660","Surf Scoter","1994","18952","2305"
"1660","Surf Scoter","1995","12615","2264"
"1660","Surf Scoter","1996","5488","1041"
"1660","Surf Scoter","1997","6785","1667"
"1660","Surf Scoter","1998","12018","2408"
"1660","Surf Scoter","1999","10144","1187"
"1660","Surf Scoter","2000","3140","746"
"1660","Surf Scoter","2001","2988","810"
"1660","Surf Scoter","2002","5533","1143"
"1660","Surf Scoter","2003","3297","801"
"1660","Surf Scoter","2004","4438","1146"
"1660","Surf Scoter","2005","2769","770"
"1660","Surf Scoter","2006","2665","601"
"1660","Surf Scoter","2007","2440","660"
"1660","Surf Scoter","2008","4632","1159"
"1660","Surf Scoter","2009","701","298"
"1660","Surf Scoter","2010","4585","1076"
"1660","Surf Scoter","2011","4133","1331"
"1660","Surf Scoter","2012","3494","1318"
"1660","Surf Scoter","2013","1513","458"
"1660","Surf Scoter","2014","2399","1126"
"1660","Surf Scoter","2015","1834","442"
"1660","Surf Scoter","2016","900","378"
"1660","Surf Scoter","2017","1523","462"
"1660","Surf Scoter","2018","1801","518"
"1670","Ruddy Duck","1969","5638","759"
"1670","Ruddy Duck","1970","4913","744"
"1670","Ruddy Duck","1971","4096","555"
"1670","Ruddy Duck","1972","3794","493"
"1670","Ruddy Duck","1973","2484","296"
"1670","Ruddy Duck","1974","5208","448"
"1670","Ruddy Duck","1975","5520","205"
"1670","Ruddy Duck","1976","7144","252"
"1670","Ruddy Duck","1977","3283","0"
"1670","Ruddy Duck","1978","1274","65"
"1670","Ruddy Duck","1979","7466","229"
"1670","Ruddy Duck","1980","2693","135"
"1670","Ruddy Duck","1981","3185","141"
"1670","Ruddy Duck","1982","2873","127"
"1670","Ruddy Duck","1983","4729","202"
"1670","Ruddy Duck","1984","9436","3104"
"1670","Ruddy Duck","1985","4799","1704"
"1670","Ruddy Duck","1986","8858","3111"
"1670","Ruddy Duck","1987","1230","519"
"1670","Ruddy Duck","1988","700","441"
"1670","Ruddy Duck","1989","921","563"
"1670","Ruddy Duck","1990","709","399"
"1670","Ruddy Duck","1991","3998","1383"
"1670","Ruddy Duck","1992","536","329"
"1670","Ruddy Duck","1993","1297","595"
"1670","Ruddy Duck","1994","4390","1043"
"1670","Ruddy Duck","1995","2924","1356"
"1670","Ruddy Duck","1996","3840","999"
"1670","Ruddy Duck","1997","4097","799"
"1670","Ruddy Duck","1998","2076","989"
"1670","Ruddy Duck","1999","2180","809"
"1670","Ruddy Duck","2000","1048","431"
"1670","Ruddy Duck","2001","1946","803"
"1670","Ruddy Duck","2002","741","258"
"1670","Ruddy Duck","2003","2427","1998"
"1670","Ruddy Duck","2004","2091","742"
"1670","Ruddy Duck","2005","1259","526"
"1670","Ruddy Duck","2006","2390","545"
"1670","Ruddy Duck","2007","2392","928"
"1670","Ruddy Duck","2008","2119","1997"
"1670","Ruddy Duck","2009","149","102"
"1670","Ruddy Duck","2010","1135","445"
"1670","Ruddy Duck","2011","1049","413"
"1670","Ruddy Duck","2012","1725","594"
"1670","Ruddy Duck","2013","746","338"
"1670","Ruddy Duck","2014","2567","676"
"1670","Ruddy Duck","2015","1267","579"
"1670","Ruddy Duck","2016","3827","1302"
"1670","Ruddy Duck","2017","1289","693"
"1670","Ruddy Duck","2018","871","389"
"1690","Lesser Snow Goose: white phase","1969","67645","11113"
"1690","Lesser Snow Goose: white phase","1970","75498","12974"
"1690","Lesser Snow Goose: white phase","1971","61134","8741"
"1690","Lesser Snow Goose: white phase","1972","97987","7270"
"1690","Lesser Snow Goose: white phase","1973","114040","11436"
"1690","Lesser Snow Goose: white phase","1974","89630","6085"
"1690","Lesser Snow Goose: white phase","1975","72094","2426"
"1690","Lesser Snow Goose: white phase","1976","86285","3828"
"1690","Lesser Snow Goose: white phase","1977","88338","3263"
"1690","Lesser Snow Goose: white phase","1978","48562","0"
"1690","Lesser Snow Goose: white phase","1979","103872","3283"
"1690","Lesser Snow Goose: white phase","1980","122435","4055"
"1690","Lesser Snow Goose: white phase","1981","85958","2847"
"1690","Lesser Snow Goose: white phase","1982","70823","2506"
"1690","Lesser Snow Goose: white phase","1983","131369","4540"
"1690","Lesser Snow Goose: white phase","1984","79679","5291"
"1690","Lesser Snow Goose: white phase","1985","101783","22085"
"1690","Lesser Snow Goose: white phase","1986","55031","7044"
"1690","Lesser Snow Goose: white phase","1987","96506","7532"
"1690","Lesser Snow Goose: white phase","1988","75266","9467"
"1690","Lesser Snow Goose: white phase","1989","82940","7874"
"1690","Lesser Snow Goose: white phase","1990","64529","6661"
"1690","Lesser Snow Goose: white phase","1991","63987","4291"
"1690","Lesser Snow Goose: white phase","1992","38243","2585"
"1690","Lesser Snow Goose: white phase","1993","49063","3432"
"1690","Lesser Snow Goose: white phase","1994","63872","3972"
"1690","Lesser Snow Goose: white phase","1995","56931","5376"
"1690","Lesser Snow Goose: white phase","1996","59563","6344"
"1690","Lesser Snow Goose: white phase","1997","84175","4976"
"1690","Lesser Snow Goose: white phase","1998","106971","7610"
"1690","Lesser Snow Goose: white phase","1999","113930","11736"
"1690","Lesser Snow Goose: white phase","2000","81429","7065"
"1690","Lesser Snow Goose: white phase","2001","95529","8043"
"1690","Lesser Snow Goose: white phase","2002","82994","8373"
"1690","Lesser Snow Goose: white phase","2003","88157","9586"
"1690","Lesser Snow Goose: white phase","2004","69049","8134"
"1690","Lesser Snow Goose: white phase","2005","69775","8898"
"1690","Lesser Snow Goose: white phase","2006","95261","9100"
"1690","Lesser Snow Goose: white phase","2007","64910","6986"
"1690","Lesser Snow Goose: white phase","2008","85454","9263"
"1690","Lesser Snow Goose: white phase","2009","62172","7415"
"1690","Lesser Snow Goose: white phase","2010","79461","13314"
"1690","Lesser Snow Goose: white phase","2011","62668","8454"
"1690","Lesser Snow Goose: white phase","2012","75743","12572"
"1690","Lesser Snow Goose: white phase","2013","93926","15861"
"1690","Lesser Snow Goose: white phase","2014","111230","18229"
"1690","Lesser Snow Goose: white phase","2015","68664","10752"
"1690","Lesser Snow Goose: white phase","2016","46214","8000"
"1690","Lesser Snow Goose: white phase","2017","61398","9344"
"1690","Lesser Snow Goose: white phase","2018","72275","10304"
"1691","Lesser Snow Goose: blue phase","1969","2178","898"
"1691","Lesser Snow Goose: blue phase","1975","34725","2744"
"1691","Lesser Snow Goose: blue phase","1976","12202","718"
"1691","Lesser Snow Goose: blue phase","1977","13653","759"
"1691","Lesser Snow Goose: blue phase","1978","26869","0"
"1691","Lesser Snow Goose: blue phase","1979","36923","1449"
"1691","Lesser Snow Goose: blue phase","1980","16399","805"
"1691","Lesser Snow Goose: blue phase","1981","41432","1921"
"1691","Lesser Snow Goose: blue phase","1982","45955","2048"
"1691","Lesser Snow Goose: blue phase","1983","37717","1804"
"1691","Lesser Snow Goose: blue phase","1984","44461","4319"
"1691","Lesser Snow Goose: blue phase","1985","53577","15422"
"1691","Lesser Snow Goose: blue phase","1986","37043","4204"
"1691","Lesser Snow Goose: blue phase","1987","45199","4058"
"1691","Lesser Snow Goose: blue phase","1988","37846","6762"
"1691","Lesser Snow Goose: blue phase","1989","55433","8097"
"1691","Lesser Snow Goose: blue phase","1990","37623","6324"
"1691","Lesser Snow Goose: blue phase","1991","37972","4410"
"1691","Lesser Snow Goose: blue phase","1992","20609","2046"
"1691","Lesser Snow Goose: blue phase","1993","39515","2701"
"1691","Lesser Snow Goose: blue phase","1994","38385","2862"
"1691","Lesser Snow Goose: blue phase","1995","48711","4185"
"1691","Lesser Snow Goose: blue phase","1996","32708","3634"
"1691","Lesser Snow Goose: blue phase","1997","66593","4521"
"1691","Lesser Snow Goose: blue phase","1998","48524","4027"
"1691","Lesser Snow Goose: blue phase","1999","40801","4561"
"1691","Lesser Snow Goose: blue phase","2000","41296","4099"
"1691","Lesser Snow Goose: blue phase","2001","51461","4790"
"1691","Lesser Snow Goose: blue phase","2002","47483","4615"
"1691","Lesser Snow Goose: blue phase","2003","63963","6360"
"1691","Lesser Snow Goose: blue phase","2004","36384","5966"
"1691","Lesser Snow Goose: blue phase","2005","36246","4566"
"1691","Lesser Snow Goose: blue phase","2006","70155","7396"
"1691","Lesser Snow Goose: blue phase","2007","42035","5660"
"1691","Lesser Snow Goose: blue phase","2008","72857","8397"
"1691","Lesser Snow Goose: blue phase","2009","41674","5976"
"1691","Lesser Snow Goose: blue phase","2010","28752","3767"
"1691","Lesser Snow Goose: blue phase","2011","52099","6870"
"1691","Lesser Snow Goose: blue phase","2012","43088","7114"
"1691","Lesser Snow Goose: blue phase","2013","73716","10868"
"1691","Lesser Snow Goose: blue phase","2014","73673","10892"
"1691","Lesser Snow Goose: blue phase","2015","24118","4072"
"1691","Lesser Snow Goose: blue phase","2016","27754","7548"
"1691","Lesser Snow Goose: blue phase","2017","29592","5110"
"1691","Lesser Snow Goose: blue phase","2018","22012","4084"
"1699","Greater Snow Goose","1969","12615","3301"
"1699","Greater Snow Goose","1970","25415","7327"
"1699","Greater Snow Goose","1971","1442","517"
"1699","Greater Snow Goose","1975","32589","3709"
"1699","Greater Snow Goose","1976","28932","3705"
"1699","Greater Snow Goose","1978","44687","0"
"1699","Greater Snow Goose","1979","23190","1581"
"1699","Greater Snow Goose","1980","59223","3724"
"1699","Greater Snow Goose","1981","27615","2375"
"1699","Greater Snow Goose","1982","42084","3834"
"1699","Greater Snow Goose","1984","50340","5185"
"1699","Greater Snow Goose","1985","24660","4579"
"1699","Greater Snow Goose","1986","11132","2587"
"1699","Greater Snow Goose","1987","2125","1809"
"1699","Greater Snow Goose","1988","41915","6438"
"1699","Greater Snow Goose","1989","44438","14694"
"1699","Greater Snow Goose","1990","59722","9641"
"1699","Greater Snow Goose","1991","49189","5157"
"1699","Greater Snow Goose","1992","29185","2925"
"1699","Greater Snow Goose","1993","102260","6673"
"1699","Greater Snow Goose","1994","36015","2919"
"1699","Greater Snow Goose","1995","50931","4202"
"1699","Greater Snow Goose","1996","68318","4299"
"1699","Greater Snow Goose","1997","55220","4228"
"1699","Greater Snow Goose","1998","87475","5216"
"1699","Greater Snow Goose","1999","37786","3111"
"1699","Greater Snow Goose","2000","104503","7069"
"1699","Greater Snow Goose","2001","94079","6662"
"1699","Greater Snow Goose","2002","46866","3465"
"1699","Greater Snow Goose","2003","86425","4788"
"1699","Greater Snow Goose","2004","69846","4082"
"1699","Greater Snow Goose","2005","66238","4292"
"1699","Greater Snow Goose","2006","74415","5196"
"1699","Greater Snow Goose","2007","62230","4777"
"1699","Greater Snow Goose","2008","120666","9385"
"1699","Greater Snow Goose","2009","51453","5358"
"1699","Greater Snow Goose","2010","54335","4591"
"1699","Greater Snow Goose","2011","98980","7974"
"1699","Greater Snow Goose","2012","66858","6433"
"1699","Greater Snow Goose","2013","57277","6091"
"1699","Greater Snow Goose","2014","90563","7911"
"1699","Greater Snow Goose","2015","51363","5658"
"1699","Greater Snow Goose","2016","51717","5506"
"1699","Greater Snow Goose","2017","61030","6352"
"1699","Greater Snow Goose","2018","20597","4401"
"1700","Ross' Goose","1969","3470","945"
"1700","Ross' Goose","1970","2358","1084"
"1700","Ross' Goose","1971","3941","1154"
"1700","Ross' Goose","1972","3495","463"
"1700","Ross' Goose","1973","7305","1016"
"1700","Ross' Goose","1974","7194","867"
"1700","Ross' Goose","1975","7624","390"
"1700","Ross' Goose","1976","5190","243"
"1700","Ross' Goose","1977","4021","231"
"1700","Ross' Goose","1978","4851","0"
"1700","Ross' Goose","1979","8231","447"
"1700","Ross' Goose","1980","4665","242"
"1700","Ross' Goose","1981","3374","153"
"1700","Ross' Goose","1982","4378","200"
"1700","Ross' Goose","1983","4415","298"
"1700","Ross' Goose","1984","5070","1532"
"1700","Ross' Goose","1985","7626","3451"
"1700","Ross' Goose","1986","3378","921"
"1700","Ross' Goose","1987","5361","1369"
"1700","Ross' Goose","1988","4518","1082"
"1700","Ross' Goose","1989","4971","976"
"1700","Ross' Goose","1990","9101","4094"
"1700","Ross' Goose","1991","3865","1112"
"1700","Ross' Goose","1992","4705","767"
"1700","Ross' Goose","1993","2474","789"
"1700","Ross' Goose","1994","9873","1309"
"1700","Ross' Goose","1995","15351","2416"
"1700","Ross' Goose","1996","19407","2647"
"1700","Ross' Goose","1997","19457","2459"
"1700","Ross' Goose","1998","28563","3385"
"1700","Ross' Goose","1999","22749","3581"
"1700","Ross' Goose","2000","17895","3069"
"1700","Ross' Goose","2001","20985","5045"
"1700","Ross' Goose","2002","33956","4504"
"1700","Ross' Goose","2003","30269","3681"
"1700","Ross' Goose","2004","22092","5109"
"1700","Ross' Goose","2005","14749","2757"
"1700","Ross' Goose","2006","26712","4161"
"1700","Ross' Goose","2007","18037","3115"
"1700","Ross' Goose","2008","48165","6720"
"1700","Ross' Goose","2009","24036","4679"
"1700","Ross' Goose","2010","34798","5474"
"1700","Ross' Goose","2011","39952","9066"
"1700","Ross' Goose","2012","24722","6004"
"1700","Ross' Goose","2013","34955","6316"
"1700","Ross' Goose","2014","41285","13252"
"1700","Ross' Goose","2015","21361","4188"
"1700","Ross' Goose","2016","23712","6982"
"1700","Ross' Goose","2017","41498","6489"
"1700","Ross' Goose","2018","11930","3273"
"1710","White-fronted Goose","1969","40109","8809"
"1710","White-fronted Goose","1970","46335","11849"
"1710","White-fronted Goose","1971","30592","6028"
"1710","White-fronted Goose","1972","82449","5810"
"1710","White-fronted Goose","1973","76431","5464"
"1710","White-fronted Goose","1974","56708","4351"
"1710","White-fronted Goose","1975","61417","2654"
"1710","White-fronted Goose","1976","62046","2945"
"1710","White-fronted Goose","1977","59287","2775"
"1710","White-fronted Goose","1978","63076","0"
"1710","White-fronted Goose","1979","59712","2686"
"1710","White-fronted Goose","1980","78571","3148"
"1710","White-fronted Goose","1981","53242","2470"
"1710","White-fronted Goose","1982","55520","2166"
"1710","White-fronted Goose","1983","53270","2375"
"1710","White-fronted Goose","1984","53595","5591"
"1710","White-fronted Goose","1985","50364","6832"
"1710","White-fronted Goose","1986","58871","6171"
"1710","White-fronted Goose","1987","48249","6821"
"1710","White-fronted Goose","1988","39870","5435"
"1710","White-fronted Goose","1989","53367","4744"
"1710","White-fronted Goose","1990","43993","4446"
"1710","White-fronted Goose","1991","43936","3473"
"1710","White-fronted Goose","1992","31397","2426"
"1710","White-fronted Goose","1993","29059","2100"
"1710","White-fronted Goose","1994","39886","2935"
"1710","White-fronted Goose","1995","60084","4690"
"1710","White-fronted Goose","1996","76998","6331"
"1710","White-fronted Goose","1997","52848","4519"
"1710","White-fronted Goose","1998","79163","5407"
"1710","White-fronted Goose","1999","62349","7144"
"1710","White-fronted Goose","2000","106738","8475"
"1710","White-fronted Goose","2001","93194","7823"
"1710","White-fronted Goose","2002","51615","4431"
"1710","White-fronted Goose","2003","65268","6304"
"1710","White-fronted Goose","2004","64613","6814"
"1710","White-fronted Goose","2005","75564","10273"
"1710","White-fronted Goose","2006","55183","6488"
"1710","White-fronted Goose","2007","69958","7343"
"1710","White-fronted Goose","2008","93862","9177"
"1710","White-fronted Goose","2009","54213","5576"
"1710","White-fronted Goose","2010","56199","6265"
"1710","White-fronted Goose","2011","81042","8724"
"1710","White-fronted Goose","2012","59470","7223"
"1710","White-fronted Goose","2013","75113","8511"
"1710","White-fronted Goose","2014","87594","9887"
"1710","White-fronted Goose","2015","71457","9265"
"1710","White-fronted Goose","2016","66525","8091"
"1710","White-fronted Goose","2017","76884","9004"
"1710","White-fronted Goose","2018","79364","12522"
"1720","Canada Goose","1969","204435","24441"
"1720","Canada Goose","1970","275181","35819"
"1720","Canada Goose","1971","118344","16233"
"1720","Canada Goose","1972","138680","11222"
"1720","Canada Goose","1973","98092","8612"
"1720","Canada Goose","1974","136708","9060"
"1720","Canada Goose","1975","74592","4267"
"1720","Canada Goose","1976","107082","6003"
"1720","Canada Goose","1977","163307","7606"
"1720","Canada Goose","1978","154179","0"
"1720","Canada Goose","1979","151793","6318"
"1720","Canada Goose","1980","197556","8189"
"1720","Canada Goose","1981","101548","6203"
"1720","Canada Goose","1982","160384","6326"
"1720","Canada Goose","1983","161882","6984"
"1720","Canada Goose","1984","121095","5958"
"1720","Canada Goose","1985","158532","8931"
"1720","Canada Goose","1986","193258","7278"
"1720","Canada Goose","1987","205013","9472"
"1720","Canada Goose","1988","187150","10515"
"1720","Canada Goose","1989","222019","16721"
"1720","Canada Goose","1990","201662","12068"
"1720","Canada Goose","1991","181764","8440"
"1720","Canada Goose","1992","126135","4989"
"1720","Canada Goose","1993","182364","8825"
"1720","Canada Goose","1994","144156","7206"
"1720","Canada Goose","1995","141528","6713"
"1720","Canada Goose","1996","149764","6781"
"1720","Canada Goose","1997","135772","7420"
"1720","Canada Goose","1998","180411","11539"
"1720","Canada Goose","1999","181544","7561"
"1720","Canada Goose","2000","211519","8620"
"1720","Canada Goose","2001","226403","9343"
"1720","Canada Goose","2002","236270","10731"
"1720","Canada Goose","2003","321165","11860"
"1720","Canada Goose","2004","265124","10008"
"1720","Canada Goose","2005","305155","10376"
"1720","Canada Goose","2006","302843","11029"
"1720","Canada Goose","2007","336587","12070"
"1720","Canada Goose","2008","362753","12938"
"1720","Canada Goose","2009","355299","16864"
"1720","Canada Goose","2010","355985","14541"
"1720","Canada Goose","2011","373635","15114"
"1720","Canada Goose","2012","352308","15421"
"1720","Canada Goose","2013","394234","18135"
"1720","Canada Goose","2014","426298","19166"
"1720","Canada Goose","2015","373485","17458"
"1720","Canada Goose","2016","351839","16230"
"1720","Canada Goose","2017","394186","16832"
"1720","Canada Goose","2018","383512","22687"
"1721","Canada Goose: small races","1971","54941","8758"
"1721","Canada Goose: small races","1972","51567","3554"
"1721","Canada Goose: small races","1973","127125","7611"
"1721","Canada Goose: small races","1974","76726","4835"
"1721","Canada Goose: small races","1975","121857","4031"
"1721","Canada Goose: small races","1976","72890","2596"
"1721","Canada Goose: small races","1977","56119","1996"
"1721","Canada Goose: small races","1978","53945","0"
"1721","Canada Goose: small races","1979","95292","2940"
"1721","Canada Goose: small races","1980","86850","2787"
"1721","Canada Goose: small races","1981","75544","2584"
"1721","Canada Goose: small races","1982","67943","2291"
"1721","Canada Goose: small races","1983","118617","3784"
"1721","Canada Goose: small races","1984","100715","8333"
"1721","Canada Goose: small races","1985","84825","11345"
"1721","Canada Goose: small races","1986","56867","5342"
"1721","Canada Goose: small races","1987","72193","7518"
"1721","Canada Goose: small races","1988","56073","6176"
"1721","Canada Goose: small races","1989","85447","7049"
"1721","Canada Goose: small races","1990","70071","4429"
"1721","Canada Goose: small races","1991","92703","5051"
"1721","Canada Goose: small races","1992","63980","3270"
"1721","Canada Goose: small races","1993","68635","3667"
"1721","Canada Goose: small races","1994","80967","4324"
"1721","Canada Goose: small races","1995","50769","3752"
"1721","Canada Goose: small races","1996","106677","6618"
"1721","Canada Goose: small races","1997","79702","4635"
"1721","Canada Goose: small races","1998","92491","4615"
"1721","Canada Goose: small races","1999","81287","5107"
"1721","Canada Goose: small races","2000","97138","6826"
"1721","Canada Goose: small races","2001","92028","5950"
"1721","Canada Goose: small races","2002","81540","5796"
"1721","Canada Goose: small races","2003","97737","9372"
"1721","Canada Goose: small races","2004","91903","7271"
"1721","Canada Goose: small races","2005","81841","8628"
"1721","Canada Goose: small races","2006","98853","6806"
"1721","Canada Goose: small races","2007","83035","8998"
"1721","Canada Goose: small races","2008","87138","7148"
"1721","Canada Goose: small races","2009","61724","5123"
"1721","Canada Goose: small races","2010","90820","7109"
"1721","Canada Goose: small races","2011","118443","10593"
"1721","Canada Goose: small races","2012","74648","9695"
"1721","Canada Goose: small races","2013","69165","7799"
"1721","Canada Goose: small races","2014","86162","10121"
"1721","Canada Goose: small races","2015","83655","7972"
"1721","Canada Goose: small races","2016","81958","9607"
"1721","Canada Goose: small races","2017","125701","11504"
"1721","Canada Goose: small races","2018","68557","9064"
"1722","Canada Goose: large races","1971","114035","14576"
"1722","Canada Goose: large races","1972","168832","9448"
"1722","Canada Goose: large races","1973","113717","8227"
"1722","Canada Goose: large races","1974","152940","8313"
"1722","Canada Goose: large races","1975","161728","5054"
"1722","Canada Goose: large races","1976","137285","4579"
"1722","Canada Goose: large races","1977","113847","4046"
"1722","Canada Goose: large races","1978","187445","0"
"1722","Canada Goose: large races","1979","169582","5024"
"1722","Canada Goose: large races","1980","166338","5379"
"1722","Canada Goose: large races","1981","183877","5491"
"1722","Canada Goose: large races","1982","167869","5423"
"1722","Canada Goose: large races","1983","189053","5905"
"1722","Canada Goose: large races","1984","198281","9048"
"1722","Canada Goose: large races","1985","209141","27738"
"1722","Canada Goose: large races","1986","203709","8399"
"1722","Canada Goose: large races","1987","230077","11008"
"1722","Canada Goose: large races","1988","152450","11711"
"1722","Canada Goose: large races","1989","202904","11398"
"1722","Canada Goose: large races","1990","229927","12253"
"1722","Canada Goose: large races","1991","197715","8515"
"1722","Canada Goose: large races","1992","190354","5087"
"1722","Canada Goose: large races","1993","183158","5715"
"1722","Canada Goose: large races","1994","189097","5909"
"1722","Canada Goose: large races","1995","203707","7411"
"1722","Canada Goose: large races","1996","243664","7577"
"1722","Canada Goose: large races","1997","274004","8145"
"1722","Canada Goose: large races","1998","258451","7732"
"1722","Canada Goose: large races","1999","302411","9284"
"1722","Canada Goose: large races","2000","303399","10477"
"1722","Canada Goose: large races","2001","318585","9932"
"1722","Canada Goose: large races","2002","327854","11432"
"1722","Canada Goose: large races","2003","252752","8817"
"1722","Canada Goose: large races","2004","269774","12463"
"1722","Canada Goose: large races","2005","325046","13697"
"1722","Canada Goose: large races","2006","276315","11669"
"1722","Canada Goose: large races","2007","284235","13133"
"1722","Canada Goose: large races","2008","285114","14738"
"1722","Canada Goose: large races","2009","294190","13104"
"1722","Canada Goose: large races","2010","244357","11290"
"1722","Canada Goose: large races","2011","238238","11684"
"1722","Canada Goose: large races","2012","313926","13261"
"1722","Canada Goose: large races","2013","262683","12954"
"1722","Canada Goose: large races","2014","245087","15588"
"1722","Canada Goose: large races","2015","319322","16555"
"1722","Canada Goose: large races","2016","330291","19384"
"1722","Canada Goose: large races","2017","314412","17710"
"1722","Canada Goose: large races","2018","269239","16128"
"1730","Brant","1969","1700","412"
"1730","Brant","1970","620","320"
"1730","Brant","1971","1049","293"
"1730","Brant","1972","1736","720"
"1730","Brant","1973","160","13"
"1730","Brant","1974","621","86"
"1730","Brant","1975","513","148"
"1730","Brant","1976","144","30"
"1730","Brant","1977","63","16"
"1730","Brant","1979","499","61"
"1730","Brant","1980","3565","361"
"1730","Brant","1981","645","85"
"1730","Brant","1982","382","68"
"1730","Brant","1984","2673","1725"
"1730","Brant","1985","583","605"
"1730","Brant","1986","1490","92"
"1730","Brant","1987","918","610"
"1730","Brant","1988","300","304"
"1730","Brant","1989","99","97"
"1730","Brant","1990","306","171"
"1730","Brant","1991","840","391"
"1730","Brant","1992","1567","388"
"1730","Brant","1993","1038","507"
"1730","Brant","1996","195","0"
"1730","Brant","1997","485","220"
"1730","Brant","1998","613","333"
"1730","Brant","1999","200","268"
"1730","Brant","2000","601","341"
"1730","Brant","2001","804","951"
"1730","Brant","2002","635","308"
"1730","Brant","2003","572","373"
"1730","Brant","2005","181","112"
"1730","Brant","2006","128","88"
"1730","Brant","2007","657","438"
"1730","Brant","2008","548","541"
"1730","Brant","2011","198","216"
"1730","Brant","2012","251","231"
"1730","Brant","2016","508","537"
"1740","Black Brant","1969","1250","509"
"1740","Black Brant","1971","330","84"
"1740","Black Brant","1972","636","110"
"1740","Black Brant","1973","813","247"
"1740","Black Brant","1974","532","250"
