"Variable code","Variable name","Citizenship","Year","Estimate","± 1 standard error"
"ACTIOT","Active non-waterfowl hunters","All hunters","1975","71390","1755"
"ACTIOT","Active non-waterfowl hunters","All hunters","1976","76010","1794"
"ACTIOT","Active non-waterfowl hunters","All hunters","1977","75255","1854"
"ACTIOT","Active non-waterfowl hunters","All hunters","1978","88721","1861"
"ACTIOT","Active non-waterfowl hunters","All hunters","1979","67080","1707"
"ACTIOT","Active non-waterfowl hunters","All hunters","1980","73802","1724"
"ACTIOT","Active non-waterfowl hunters","All hunters","1981","67956","1728"
"ACTIOT","Active non-waterfowl hunters","All hunters","1982","69849","1808"
"ACTIOT","Active non-waterfowl hunters","All hunters","1983","65447","1410"
"ACTIOT","Active non-waterfowl hunters","All hunters","1984","62481","1332"
"ACTIOT","Active non-waterfowl hunters","All hunters","1985","56202","1238"
"ACTIOT","Active non-waterfowl hunters","All hunters","1986","57383","1193"
"ACTIOT","Active non-waterfowl hunters","All hunters","1987","55213","1249"
"ACTIOT","Active non-waterfowl hunters","All hunters","1988","40607","936"
"ACTIOT","Active non-waterfowl hunters","All hunters","1989","46027","999"
"ACTIOT","Active non-waterfowl hunters","All hunters","1990","43141","942"
"ACTIOT","Active non-waterfowl hunters","All hunters","1991","40726","922"
"ACTIOT","Active non-waterfowl hunters","All hunters","1992","39962","831"
"ACTIOT","Active non-waterfowl hunters","All hunters","1993","37145","825"
"ACTIOT","Active non-waterfowl hunters","All hunters","1994","34721","774"
"ACTIOT","Active non-waterfowl hunters","All hunters","1995","31686","724"
"ACTIOT","Active non-waterfowl hunters","All hunters","1996","29387","684"
"ACTIOT","Active non-waterfowl hunters","All hunters","1997","20549","568"
"ACTIOT","Active non-waterfowl hunters","All hunters","1998","24000","594"
"ACTIOT","Active non-waterfowl hunters","All hunters","1999","23315","584"
"ACTIOT","Active non-waterfowl hunters","All hunters","2000","22990","596"
"ACTIOT","Active non-waterfowl hunters","All hunters","2001","19146","535"
"ACTIOT","Active non-waterfowl hunters","All hunters","2002","25255","617"
"ACTIOT","Active non-waterfowl hunters","All hunters","2003","17656","527"
"ACTIOT","Active non-waterfowl hunters","All hunters","2004","17652","544"
"ACTIOT","Active non-waterfowl hunters","All hunters","2005","17181","544"
"ACTIOT","Active non-waterfowl hunters","All hunters","2006","21190","630"
"ACTIOT","Active non-waterfowl hunters","All hunters","2007","20609","601"
"ACTIOT","Active non-waterfowl hunters","All hunters","2008","20994","650"
"ACTIOT","Active non-waterfowl hunters","All hunters","2009","19057","648"
"ACTIOT","Active non-waterfowl hunters","All hunters","2010","14160","550"
"ACTIOT","Active non-waterfowl hunters","All hunters","2011","19740","636"
"ACTIOT","Active non-waterfowl hunters","All hunters","2012","20693","724"
"ACTIOT","Active non-waterfowl hunters","All hunters","2013","26117","941"
"ACTIOT","Active non-waterfowl hunters","All hunters","2014","18381","797"
"ACTIOT","Active non-waterfowl hunters","All hunters","2015","17214","707"
"ACTIOT","Active non-waterfowl hunters","All hunters","2016","16568","681"
"ACTIOT","Active non-waterfowl hunters","All hunters","2017","16967","711"
"ACTIOT","Active non-waterfowl hunters","All hunters","2018","15679","637"
"ACTIWF","Active waterfowl hunters","All hunters","1975","379792","3090"
"ACTIWF","Active waterfowl hunters","All hunters","1976","391583","3015"
"ACTIWF","Active waterfowl hunters","All hunters","1977","411161","3116"
"ACTIWF","Active waterfowl hunters","All hunters","1978","410217","2888"
"ACTIWF","Active waterfowl hunters","All hunters","1979","382059","3052"
"ACTIWF","Active waterfowl hunters","All hunters","1980","384584","2934"
"ACTIWF","Active waterfowl hunters","All hunters","1981","347884","2995"
"ACTIWF","Active waterfowl hunters","All hunters","1982","353053","3026"
"ACTIWF","Active waterfowl hunters","All hunters","1983","343799","2463"
"ACTIWF","Active waterfowl hunters","All hunters","1984","316967","2320"
"ACTIWF","Active waterfowl hunters","All hunters","1985","295892","2173"
"ACTIWF","Active waterfowl hunters","All hunters","1986","300079","2060"
"ACTIWF","Active waterfowl hunters","All hunters","1987","271146","2112"
"ACTIWF","Active waterfowl hunters","All hunters","1988","234755","1710"
"ACTIWF","Active waterfowl hunters","All hunters","1989","236065","1745"
"ACTIWF","Active waterfowl hunters","All hunters","1990","233259","1680"
"ACTIWF","Active waterfowl hunters","All hunters","1991","214598","1633"
"ACTIWF","Active waterfowl hunters","All hunters","1992","205217","1452"
"ACTIWF","Active waterfowl hunters","All hunters","1993","198943","1455"
"ACTIWF","Active waterfowl hunters","All hunters","1994","195936","1381"
"ACTIWF","Active waterfowl hunters","All hunters","1995","185642","1340"
"ACTIWF","Active waterfowl hunters","All hunters","1996","178253","1279"
"ACTIWF","Active waterfowl hunters","All hunters","1997","164914","1200"
"ACTIWF","Active waterfowl hunters","All hunters","1998","160185","1157"
"ACTIWF","Active waterfowl hunters","All hunters","1999","155430","1137"
"ACTIWF","Active waterfowl hunters","All hunters","2000","150491","1120"
"ACTIWF","Active waterfowl hunters","All hunters","2001","138020","1061"
"ACTIWF","Active waterfowl hunters","All hunters","2002","133517","1126"
"ACTIWF","Active waterfowl hunters","All hunters","2003","129292","1097"
"ACTIWF","Active waterfowl hunters","All hunters","2004","127547","1174"
"ACTIWF","Active waterfowl hunters","All hunters","2005","124090","1167"
"ACTIWF","Active waterfowl hunters","All hunters","2006","122133","1178"
"ACTIWF","Active waterfowl hunters","All hunters","2007","121191","1198"
"ACTIWF","Active waterfowl hunters","All hunters","2008","126056","1273"
"ACTIWF","Active waterfowl hunters","All hunters","2009","119390","1307"
"ACTIWF","Active waterfowl hunters","All hunters","2010","119804","1296"
"ACTIWF","Active waterfowl hunters","All hunters","2011","123706","1321"
"ACTIWF","Active waterfowl hunters","All hunters","2012","125767","1473"
"ACTIWF","Active waterfowl hunters","All hunters","2013","132875","1643"
"ACTIWF","Active waterfowl hunters","All hunters","2014","134239","1703"
"ACTIWF","Active waterfowl hunters","All hunters","2015","129926","1733"
"ACTIWF","Active waterfowl hunters","All hunters","2016","124815","1554"
"ACTIWF","Active waterfowl hunters","All hunters","2017","118157","1502"
"ACTIWF","Active waterfowl hunters","All hunters","2018","113674","1394"
"COOTK","Coot harvest","All hunters","1969","57623","7673"
"COOTK","Coot harvest","All hunters","1970","63010","6671"
"COOTK","Coot harvest","All hunters","1971","66764","10198"
"COOTK","Coot harvest","All hunters","1972","27536","2829"
"COOTK","Coot harvest","All hunters","1973","42272","4742"
"COOTK","Coot harvest","All hunters","1974","49746","5495"
"COOTK","Coot harvest","All hunters","1975","53384","5377"
"COOTK","Coot harvest","All hunters","1976","47987","4461"
"COOTK","Coot harvest","All hunters","1977","26917","2780"
"COOTK","Coot harvest","All hunters","1978","34911","3063"
"COOTK","Coot harvest","All hunters","1979","30080","3180"
"COOTK","Coot harvest","All hunters","1980","23687","2415"
"COOTK","Coot harvest","All hunters","1981","22868","2898"
"COOTK","Coot harvest","All hunters","1982","20153","2473"
"COOTK","Coot harvest","All hunters","1983","20389","2544"
"COOTK","Coot harvest","All hunters","1984","27394","3571"
"COOTK","Coot harvest","All hunters","1985","21110","3009"
"COOTK","Coot harvest","All hunters","1986","15329","2083"
"COOTK","Coot harvest","All hunters","1987","10496","1289"
"COOTK","Coot harvest","All hunters","1988","11519","1968"
"COOTK","Coot harvest","All hunters","1989","9914","1311"
"COOTK","Coot harvest","All hunters","1990","8870","1222"
"COOTK","Coot harvest","All hunters","1991","7731","1030"
"COOTK","Coot harvest","All hunters","1992","6590","825"
"COOTK","Coot harvest","All hunters","1993","7393","1337"
"COOTK","Coot harvest","All hunters","1994","6297","862"
"COOTK","Coot harvest","All hunters","1995","6939","942"
"COOTK","Coot harvest","All hunters","1996","6827","936"
"COOTK","Coot harvest","All hunters","1997","5253","763"
"COOTK","Coot harvest","All hunters","1998","4713","643"
"COOTK","Coot harvest","All hunters","1999","4524","853"
"COOTK","Coot harvest","All hunters","2000","4134","1102"
"COOTK","Coot harvest","All hunters","2001","2646","730"
"COOTK","Coot harvest","All hunters","2002","2000","528"
"COOTK","Coot harvest","All hunters","2003","2562","564"
"COOTK","Coot harvest","All hunters","2004","2604","725"
"COOTK","Coot harvest","All hunters","2005","4407","1234"
"COOTK","Coot harvest","All hunters","2006","2307","667"
"COOTK","Coot harvest","All hunters","2007","3745","742"
"COOTK","Coot harvest","All hunters","2008","2754","693"
"COOTK","Coot harvest","All hunters","2009","2466","1050"
"COOTK","Coot harvest","All hunters","2010","897","371"
"COOTK","Coot harvest","All hunters","2011","2043","712"
"COOTK","Coot harvest","All hunters","2012","2268","768"
"COOTK","Coot harvest","All hunters","2013","2184","597"
"COOTK","Coot harvest","All hunters","2014","2359","837"
"COOTK","Coot harvest","All hunters","2015","1418","442"
"COOTK","Coot harvest","All hunters","2016","2406","855"
"COOTK","Coot harvest","All hunters","2017","4027","1335"
"COOTK","Coot harvest","All hunters","2018","3047","962"
"CRANK","Crane harvest","All hunters","1969","2684","453"
"CRANK","Crane harvest","All hunters","1970","4028","837"
"CRANK","Crane harvest","All hunters","1971","2175","406"
"CRANK","Crane harvest","All hunters","1972","2184","536"
"CRANK","Crane harvest","All hunters","1973","4095","1497"
"CRANK","Crane harvest","All hunters","1974","7011","2578"
"CRANK","Crane harvest","All hunters","1975","5906","1903"
"CRANK","Crane harvest","All hunters","1976","1636","384"
"CRANK","Crane harvest","All hunters","1977","367","162"
"CRANK","Crane harvest","All hunters","1978","877","420"
"CRANK","Crane harvest","All hunters","1979","978","370"
"CRANK","Crane harvest","All hunters","1980","5589","866"
"CRANK","Crane harvest","All hunters","1981","2966","502"
"CRANK","Crane harvest","All hunters","1982","2834","522"
"CRANK","Crane harvest","All hunters","1983","3088","657"
"CRANK","Crane harvest","All hunters","1984","3703","712"
"CRANK","Crane harvest","All hunters","1985","5139","991"
"CRANK","Crane harvest","All hunters","1986","6114","1118"
"CRANK","Crane harvest","All hunters","1987","5144","1047"
"CRANK","Crane harvest","All hunters","1988","6948","1034"
"CRANK","Crane harvest","All hunters","1989","4975","863"
"CRANK","Crane harvest","All hunters","1990","4835","726"
"CRANK","Crane harvest","All hunters","1991","5318","945"
"CRANK","Crane harvest","All hunters","1992","5939","831"
"CRANK","Crane harvest","All hunters","1993","2915","549"
"CRANK","Crane harvest","All hunters","1994","3830","657"
"CRANK","Crane harvest","All hunters","1995","5827","841"
"CRANK","Crane harvest","All hunters","1996","4312","757"
"CRANK","Crane harvest","All hunters","1997","5900","845"
"CRANK","Crane harvest","All hunters","1998","9534","1289"
"CRANK","Crane harvest","All hunters","1999","8400","1001"
"CRANK","Crane harvest","All hunters","2000","9450","1101"
"CRANK","Crane harvest","All hunters","2001","8786","1024"
"CRANK","Crane harvest","All hunters","2002","7976","914"
"CRANK","Crane harvest","All hunters","2003","9585","1044"
"CRANK","Crane harvest","All hunters","2004","11089","1459"
"CRANK","Crane harvest","All hunters","2005","9876","1015"
"CRANK","Crane harvest","All hunters","2006","10417","1217"
"CRANK","Crane harvest","All hunters","2007","11785","1232"
"CRANK","Crane harvest","All hunters","2008","9438","1007"
"CRANK","Crane harvest","All hunters","2009","4167","756"
"CRANK","Crane harvest","All hunters","2010","6574","1050"
"CRANK","Crane harvest","All hunters","2011","10431","1276"
"CRANK","Crane harvest","All hunters","2012","5041","821"
"CRANK","Crane harvest","All hunters","2013","9883","1397"
"CRANK","Crane harvest","All hunters","2014","12812","1497"
"CRANK","Crane harvest","All hunters","2015","10604","1490"
"CRANK","Crane harvest","All hunters","2016","11502","1607"
"CRANK","Crane harvest","All hunters","2017","13445","1597"
"CRANK","Crane harvest","All hunters","2018","13005","1470"
"DAYOT","Non-waterfowl hunting days","All hunters","1972","378605","15951"
"DAYOT","Non-waterfowl hunting days","All hunters","1973","390975","23456"
"DAYOT","Non-waterfowl hunting days","All hunters","1974","420178","33941"
"DAYOT","Non-waterfowl hunting days","All hunters","1975","402513","16505"
"DAYOT","Non-waterfowl hunting days","All hunters","1976","448556","15397"
"DAYOT","Non-waterfowl hunting days","All hunters","1977","460617","16363"
"DAYOT","Non-waterfowl hunting days","All hunters","1978","526823","18702"
"DAYOT","Non-waterfowl hunting days","All hunters","1979","416311","18799"
"DAYOT","Non-waterfowl hunting days","All hunters","1980","414376","15030"
"DAYOT","Non-waterfowl hunting days","All hunters","1981","416453","17054"
"DAYOT","Non-waterfowl hunting days","All hunters","1982","403740","17599"
"DAYOT","Non-waterfowl hunting days","All hunters","1983","421592","14936"
"DAYOT","Non-waterfowl hunting days","All hunters","1984","387811","14006"
"DAYOT","Non-waterfowl hunting days","All hunters","1985","345335","13209"
"DAYOT","Non-waterfowl hunting days","All hunters","1986","365746","12378"
"DAYOT","Non-waterfowl hunting days","All hunters","1987","354122","14337"
"DAYOT","Non-waterfowl hunting days","All hunters","1988","251275","10223"
"DAYOT","Non-waterfowl hunting days","All hunters","1989","289679","11074"
"DAYOT","Non-waterfowl hunting days","All hunters","1990","283026","10739"
"DAYOT","Non-waterfowl hunting days","All hunters","1991","255575","10221"
"DAYOT","Non-waterfowl hunting days","All hunters","1992","248257","9125"
"DAYOT","Non-waterfowl hunting days","All hunters","1993","232412","9103"
"DAYOT","Non-waterfowl hunting days","All hunters","1994","213668","8471"
"DAYOT","Non-waterfowl hunting days","All hunters","1995","185967","7312"
"DAYOT","Non-waterfowl hunting days","All hunters","1996","189811","8047"
"DAYOT","Non-waterfowl hunting days","All hunters","1997","112727","5663"
"DAYOT","Non-waterfowl hunting days","All hunters","1998","137878","5876"
"DAYOT","Non-waterfowl hunting days","All hunters","1999","133550","5744"
"DAYOT","Non-waterfowl hunting days","All hunters","2000","126060","5362"
"DAYOT","Non-waterfowl hunting days","All hunters","2001","103058","5081"
"DAYOT","Non-waterfowl hunting days","All hunters","2002","138580","5416"
"DAYOT","Non-waterfowl hunting days","All hunters","2003","88965","4067"
"DAYOT","Non-waterfowl hunting days","All hunters","2004","84740","3837"
"DAYOT","Non-waterfowl hunting days","All hunters","2005","80469","3920"
"DAYOT","Non-waterfowl hunting days","All hunters","2006","89294","4864"
"DAYOT","Non-waterfowl hunting days","All hunters","2007","134831","6023"
"DAYOT","Non-waterfowl hunting days","All hunters","2008","132588","6504"
"DAYOT","Non-waterfowl hunting days","All hunters","2009","96792","5032"
"DAYOT","Non-waterfowl hunting days","All hunters","2010","65218","3691"
"DAYOT","Non-waterfowl hunting days","All hunters","2011","100092","5726"
"DAYOT","Non-waterfowl hunting days","All hunters","2012","92158","4983"
"DAYOT","Non-waterfowl hunting days","All hunters","2013","109456","6078"
"DAYOT","Non-waterfowl hunting days","All hunters","2014","73443","4167"
"DAYOT","Non-waterfowl hunting days","All hunters","2015","82987","6087"
"DAYOT","Non-waterfowl hunting days","All hunters","2016","78941","7372"
"DAYOT","Non-waterfowl hunting days","All hunters","2017","78177","5117"
"DAYOT","Non-waterfowl hunting days","All hunters","2018","66468","4290"
"DAYWF","Waterfowl hunting days","All hunters","1972","2672924","36656"
"DAYWF","Waterfowl hunting days","All hunters","1973","2874102","44645"
"DAYWF","Waterfowl hunting days","All hunters","1974","2952130","41022"
"DAYWF","Waterfowl hunting days","All hunters","1975","3079590","39943"
"DAYWF","Waterfowl hunting days","All hunters","1976","3103771","38831"
"DAYWF","Waterfowl hunting days","All hunters","1977","3070777","38536"
"DAYWF","Waterfowl hunting days","All hunters","1978","3214572","38266"
"DAYWF","Waterfowl hunting days","All hunters","1979","2944967","39687"
"DAYWF","Waterfowl hunting days","All hunters","1980","2964564","37346"
"DAYWF","Waterfowl hunting days","All hunters","1981","2761851","41975"
"DAYWF","Waterfowl hunting days","All hunters","1982","2790585","42305"
"DAYWF","Waterfowl hunting days","All hunters","1983","2784238","35357"
"DAYWF","Waterfowl hunting days","All hunters","1984","2536870","32288"
"DAYWF","Waterfowl hunting days","All hunters","1985","2358519","30718"
"DAYWF","Waterfowl hunting days","All hunters","1986","2391418","29366"
"DAYWF","Waterfowl hunting days","All hunters","1987","2250154","31122"
"DAYWF","Waterfowl hunting days","All hunters","1988","1924967","24398"
"DAYWF","Waterfowl hunting days","All hunters","1989","1893339","24913"
"DAYWF","Waterfowl hunting days","All hunters","1990","1921060","25703"
"DAYWF","Waterfowl hunting days","All hunters","1991","1680638","22760"
"DAYWF","Waterfowl hunting days","All hunters","1992","1604018","20220"
"DAYWF","Waterfowl hunting days","All hunters","1993","1614449","21922"
"DAYWF","Waterfowl hunting days","All hunters","1994","1556493","20359"
"DAYWF","Waterfowl hunting days","All hunters","1995","1421994","18682"
"DAYWF","Waterfowl hunting days","All hunters","1996","1370228","18144"
"DAYWF","Waterfowl hunting days","All hunters","1997","1274563","16399"
"DAYWF","Waterfowl hunting days","All hunters","1998","1216035","15426"
"DAYWF","Waterfowl hunting days","All hunters","1999","1181358","15278"
"DAYWF","Waterfowl hunting days","All hunters","2000","1118193","14581"
"DAYWF","Waterfowl hunting days","All hunters","2001","1050677","14105"
"DAYWF","Waterfowl hunting days","All hunters","2002","971664","13595"
"DAYWF","Waterfowl hunting days","All hunters","2003","913304","12211"
"DAYWF","Waterfowl hunting days","All hunters","2004","845039","12150"
"DAYWF","Waterfowl hunting days","All hunters","2005","830331","12219"
"DAYWF","Waterfowl hunting days","All hunters","2006","833845","13839"
"DAYWF","Waterfowl hunting days","All hunters","2007","816605","12983"
"DAYWF","Waterfowl hunting days","All hunters","2008","880482","14686"
"DAYWF","Waterfowl hunting days","All hunters","2009","798805","14574"
"DAYWF","Waterfowl hunting days","All hunters","2010","800829","13863"
"DAYWF","Waterfowl hunting days","All hunters","2011","848388","15100"
"DAYWF","Waterfowl hunting days","All hunters","2012","821227","16047"
"DAYWF","Waterfowl hunting days","All hunters","2013","898263","18430"
"DAYWF","Waterfowl hunting days","All hunters","2014","873783","17562"
"DAYWF","Waterfowl hunting days","All hunters","2015","848882","17472"
"DAYWF","Waterfowl hunting days","All hunters","2016","770149","16229"
"DAYWF","Waterfowl hunting days","All hunters","2017","720963","14581"
"DAYWF","Waterfowl hunting days","All hunters","2018","676919","13300"
"DOVEK","Dove harvest","All hunters","1969","2486","1114"
"DOVEK","Dove harvest","All hunters","1970","2862","1052"
"DOVEK","Dove harvest","All hunters","1971","2442","1009"
"DOVEK","Dove harvest","All hunters","1972","5122","2295"
"DOVEK","Dove harvest","All hunters","1973","1171","603"
"DOVEK","Dove harvest","All hunters","1974","1829","1045"
"DOVEK","Dove harvest","All hunters","1975","2326","1206"
"DOVEK","Dove harvest","All hunters","1976","3787","1133"
"DOVEK","Dove harvest","All hunters","1977","5393","1365"
"DOVEK","Dove harvest","All hunters","1978","1575","677"
"DOVEK","Dove harvest","All hunters","1979","1102","571"
"DOVEK","Dove harvest","All hunters","1980","771","378"
"DOVEK","Dove harvest","All hunters","1981","1491","745"
"DOVEK","Dove harvest","All hunters","1982","1282","570"
"DOVEK","Dove harvest","All hunters","1983","961","575"
"DOVEK","Dove harvest","All hunters","1984","994","496"
"DOVEK","Dove harvest","All hunters","1985","462","286"
"DOVEK","Dove harvest","All hunters","1986","529","350"
"DOVEK","Dove harvest","All hunters","1987","1185","751"
"DOVEK","Dove harvest","All hunters","1988","295","213"
"DOVEK","Dove harvest","All hunters","1989","849","457"
"DOVEK","Dove harvest","All hunters","1990","579","247"
"DOVEK","Dove harvest","All hunters","1991","363","244"
"DOVEK","Dove harvest","All hunters","1992","1040","559"
"DOVEK","Dove harvest","All hunters","1993","307","171"
"DOVEK","Dove harvest","All hunters","1994","207","123"
"DOVEK","Dove harvest","All hunters","1995","112","77"
"DOVEK","Dove harvest","All hunters","1996","403","202"
"DOVEK","Dove harvest","All hunters","1997","26","24"
"DOVEK","Dove harvest","All hunters","1998","61","57"
"DOVEK","Dove harvest","All hunters","1999","332","178"
"DOVEK","Dove harvest","All hunters","2000","61","57"
"DOVEK","Dove harvest","All hunters","2001","437","175"
"DOVEK","Dove harvest","All hunters","2002","328","247"
"DOVEK","Dove harvest","All hunters","2003","200","86"
"DOVEK","Dove harvest","All hunters","2004","228","112"
"DOVEK","Dove harvest","All hunters","2005","162","77"
"DOVEK","Dove harvest","All hunters","2006","210","104"
"DOVEK","Dove harvest","All hunters","2007","92","45"
"DOVEK","Dove harvest","All hunters","2008","95","62"
"DOVEK","Dove harvest","All hunters","2012","12","11"
"DOVEK","Dove harvest","All hunters","2013","18079","3079"
"DOVEK","Dove harvest","All hunters","2014","21730","3351"
"DOVEK","Dove harvest","All hunters","2015","14276","3057"
"DOVEK","Dove harvest","All hunters","2016","14477","2719"
"DOVEK","Dove harvest","All hunters","2017","15341","2634"
"DOVEK","Dove harvest","All hunters","2018","14202","2272"
"MURRK","Murre harvest","All hunters","2010","51697","5906"
"MURRK","Murre harvest","All hunters","2011","65852","9898"
"MURRK","Murre harvest","All hunters","2012","52875","8614"
"MURRK","Murre harvest","All hunters","2013","116792","10254"
"MURRK","Murre harvest","All hunters","2014","107314","10923"
"MURRK","Murre harvest","All hunters","2015","71501","7481"
"MURRK","Murre harvest","All hunters","2016","123164","10816"
"MURRK","Murre harvest","All hunters","2017","101768","8866"
"MURRK","Murre harvest","All hunters","2018","74835","6925"
"PIGEK","Band-tailed Pigeon harvest","All hunters","1969","8475","2437"
"PIGEK","Band-tailed Pigeon harvest","All hunters","1970","8278","2404"
"PIGEK","Band-tailed Pigeon harvest","All hunters","1971","7149","2133"
"PIGEK","Band-tailed Pigeon harvest","All hunters","1972","9285","1917"
"PIGEK","Band-tailed Pigeon harvest","All hunters","1973","7466","2659"
"PIGEK","Band-tailed Pigeon harvest","All hunters","1974","5668","2413"
"PIGEK","Band-tailed Pigeon harvest","All hunters","1975","5201","1271"
"PIGEK","Band-tailed Pigeon harvest","All hunters","1976","3293","1005"
"PIGEK","Band-tailed Pigeon harvest","All hunters","1977","4687","1030"
"PIGEK","Band-tailed Pigeon harvest","All hunters","1978","3851","910"
"PIGEK","Band-tailed Pigeon harvest","All hunters","1979","4246","974"
"PIGEK","Band-tailed Pigeon harvest","All hunters","1980","3283","800"
"PIGEK","Band-tailed Pigeon harvest","All hunters","1981","2899","665"
"PIGEK","Band-tailed Pigeon harvest","All hunters","1982","4315","1054"
"PIGEK","Band-tailed Pigeon harvest","All hunters","1983","3840","1311"
"PIGEK","Band-tailed Pigeon harvest","All hunters","1984","3079","860"
"PIGEK","Band-tailed Pigeon harvest","All hunters","1985","1581","482"
"PIGEK","Band-tailed Pigeon harvest","All hunters","1986","1302","555"
"PIGEK","Band-tailed Pigeon harvest","All hunters","1987","1935","706"
"PIGEK","Band-tailed Pigeon harvest","All hunters","1988","1805","650"
"PIGEK","Band-tailed Pigeon harvest","All hunters","1989","1038","460"
"PIGEK","Band-tailed Pigeon harvest","All hunters","1990","676","256"
"PIGEK","Band-tailed Pigeon harvest","All hunters","1991","459","272"
"PIGEK","Band-tailed Pigeon harvest","All hunters","1992","1061","379"
"PIGEK","Band-tailed Pigeon harvest","All hunters","1993","400","248"
"PIGEK","Band-tailed Pigeon harvest","All hunters","2002","188","78"
"PIGEK","Band-tailed Pigeon harvest","All hunters","2003","160","59"
"PIGEK","Band-tailed Pigeon harvest","All hunters","2005","130","75"
"PIGEK","Band-tailed Pigeon harvest","All hunters","2006","117","72"
"PIGEK","Band-tailed Pigeon harvest","All hunters","2007","197","76"
"PIGEK","Band-tailed Pigeon harvest","All hunters","2008","108","46"
"PIGEK","Band-tailed Pigeon harvest","All hunters","2009","231","130"
"PIGEK","Band-tailed Pigeon harvest","All hunters","2010","86","36"
"PIGEK","Band-tailed Pigeon harvest","All hunters","2011","201","89"
"PIGEK","Band-tailed Pigeon harvest","All hunters","2012","12","11"
"PIGEK","Band-tailed Pigeon harvest","All hunters","2013","13","11"
"PIGEK","Band-tailed Pigeon harvest","All hunters","2014","7","6"
"PIGEK","Band-tailed Pigeon harvest","All hunters","2015","98","76"
"PIGEK","Band-tailed Pigeon harvest","All hunters","2016","67","55"
"PIGEK","Band-tailed Pigeon harvest","All hunters","2017","383","373"
"PIGEK","Band-tailed Pigeon harvest","All hunters","2018","163","84"
"POTNTL","Potential hunters","All hunters","1972","421691","2328"
"POTNTL","Potential hunters","All hunters","1973","368370","2910"
"POTNTL","Potential hunters","All hunters","1974","368966","2641"
"POTNTL","Potential hunters","All hunters","1975","382892","3090"
"POTNTL","Potential hunters","All hunters","1976","484771","2822"
"POTNTL","Potential hunters","All hunters","1977","520515","2877"
"POTNTL","Potential hunters","All hunters","1978","524834","2619"
"POTNTL","Potential hunters","All hunters","1979","504266","2857"
"POTNTL","Potential hunters","All hunters","1980","498650","2715"
"POTNTL","Potential hunters","All hunters","1981","465149","2752"
"POTNTL","Potential hunters","All hunters","1982","465249","2816"
"POTNTL","Potential hunters","All hunters","1983","443227","2330"
"POTNTL","Potential hunters","All hunters","1984","414830","2225"
"POTNTL","Potential hunters","All hunters","1985","375665","2098"
"POTNTL","Potential hunters","All hunters","1986","379409","1961"
"POTNTL","Potential hunters","All hunters","1987","341227","2053"
"POTNTL","Potential hunters","All hunters","1988","323256","1629"
"POTNTL","Potential hunters","All hunters","1989","315440","1687"
"POTNTL","Potential hunters","All hunters","1990","311447","1599"
"POTNTL","Potential hunters","All hunters","1991","295442","1608"
"POTNTL","Potential hunters","All hunters","1992","277032","1386"
"POTNTL","Potential hunters","All hunters","1993","263872","1400"
"POTNTL","Potential hunters","All hunters","1994","258361","1305"
"POTNTL","Potential hunters","All hunters","1995","240684","1290"
"POTNTL","Potential hunters","All hunters","1996","231147","1235"
"POTNTL","Potential hunters","All hunters","1997","213174","1152"
"POTNTL","Potential hunters","All hunters","1998","204164","1117"
"POTNTL","Potential hunters","All hunters","1999","197585","1100"
"POTNTL","Potential hunters","All hunters","2000","191442","1065"
"POTNTL","Potential hunters","All hunters","2001","181225","1004"
"POTNTL","Potential hunters","All hunters","2002","173469","1067"
"POTNTL","Potential hunters","All hunters","2003","174786","1032"
"POTNTL","Potential hunters","All hunters","2004","170436","1134"
"POTNTL","Potential hunters","All hunters","2005","166964","1117"
"POTNTL","Potential hunters","All hunters","2006","167361","1110"
"POTNTL","Potential hunters","All hunters","2007","169540","1106"
"POTNTL","Potential hunters","All hunters","2008","171720","1210"
"POTNTL","Potential hunters","All hunters","2009","170023","1234"
"POTNTL","Potential hunters","All hunters","2010","171306","1218"
"POTNTL","Potential hunters","All hunters","2011","171691","1260"
"POTNTL","Potential hunters","All hunters","2012","178404","1375"
"POTNTL","Potential hunters","All hunters","2013","188349","1529"
"POTNTL","Potential hunters","All hunters","2014","185266","1610"
"POTNTL","Potential hunters","All hunters","2015","183322","1674"
"POTNTL","Potential hunters","All hunters","2016","179830","1477"
"POTNTL","Potential hunters","All hunters","2017","166011","1451"
"POTNTL","Potential hunters","All hunters","2018","162839","1329"
"RAILK","Rail harvest","All hunters","1991","394","168"
"RAILK","Rail harvest","All hunters","1992","489","194"
"RAILK","Rail harvest","All hunters","1993","306","108"
"RAILK","Rail harvest","All hunters","1994","1607","729"
"RAILK","Rail harvest","All hunters","1995","133","68"
"RAILK","Rail harvest","All hunters","1996","515","257"
"RAILK","Rail harvest","All hunters","1997","133","63"
"RAILK","Rail harvest","All hunters","1998","4381","3697"
"RAILK","Rail harvest","All hunters","1999","177","106"
"RAILK","Rail harvest","All hunters","2000","631","216"
"RAILK","Rail harvest","All hunters","2001","354","132"
"RAILK","Rail harvest","All hunters","2002","2047","643"
"RAILK","Rail harvest","All hunters","2003","218","137"
"RAILK","Rail harvest","All hunters","2004","582","500"
"RAILK","Rail harvest","All hunters","2005","1606","1221"
"RAILK","Rail harvest","All hunters","2006","727","356"
"RAILK","Rail harvest","All hunters","2007","106","62"
"RAILK","Rail harvest","All hunters","2009","101","78"
"RAILK","Rail harvest","All hunters","2011","113","101"
"RAILK","Rail harvest","All hunters","2015","164","144"
"RAILK","Rail harvest","All hunters","2017","335","233"
"RAILK","Rail harvest","All hunters","2018","44","31"
"SNIPK","Snipe harvest","All hunters","1969","2881","349"
"SNIPK","Snipe harvest","All hunters","1970","3867","497"
"SNIPK","Snipe harvest","All hunters","1971","4385","570"
"SNIPK","Snipe harvest","All hunters","1972","3671","562"
"SNIPK","Snipe harvest","All hunters","1973","3501","572"
"SNIPK","Snipe harvest","All hunters","1974","4880","652"
"SNIPK","Snipe harvest","All hunters","1975","4383","505"
"SNIPK","Snipe harvest","All hunters","1976","5359","642"
"SNIPK","Snipe harvest","All hunters","1977","3737","444"
"SNIPK","Snipe harvest","All hunters","1978","4327","586"
"SNIPK","Snipe harvest","All hunters","1979","3589","518"
"SNIPK","Snipe harvest","All hunters","1980","2639","366"
"SNIPK","Snipe harvest","All hunters","1981","2291","326"
"SNIPK","Snipe harvest","All hunters","1982","2784","424"
"SNIPK","Snipe harvest","All hunters","1983","2681","398"
"SNIPK","Snipe harvest","All hunters","1984","3159","434"
"SNIPK","Snipe harvest","All hunters","1985","2077","319"
"SNIPK","Snipe harvest","All hunters","1986","2488","351"
"SNIPK","Snipe harvest","All hunters","1987","2586","410"
"SNIPK","Snipe harvest","All hunters","1988","1406","207"
"SNIPK","Snipe harvest","All hunters","1989","2256","335"
"SNIPK","Snipe harvest","All hunters","1990","1791","369"
"SNIPK","Snipe harvest","All hunters","1991","31114","2708"
"SNIPK","Snipe harvest","All hunters","1992","30750","2704"
"SNIPK","Snipe harvest","All hunters","1993","31050","2509"
"SNIPK","Snipe harvest","All hunters","1994","25508","2556"
"SNIPK","Snipe harvest","All hunters","1995","21788","2051"
"SNIPK","Snipe harvest","All hunters","1996","19851","1821"
"SNIPK","Snipe harvest","All hunters","1997","16050","1729"
"SNIPK","Snipe harvest","All hunters","1998","17364","1843"
"SNIPK","Snipe harvest","All hunters","1999","15041","1514"
"SNIPK","Snipe harvest","All hunters","2000","15849","1546"
"SNIPK","Snipe harvest","All hunters","2001","9309","1325"
"SNIPK","Snipe harvest","All hunters","2002","14134","1472"
"SNIPK","Snipe harvest","All hunters","2003","9637","1105"
"SNIPK","Snipe harvest","All hunters","2004","9858","1702"
"SNIPK","Snipe harvest","All hunters","2005","6411","1167"
"SNIPK","Snipe harvest","All hunters","2006","5968","840"
"SNIPK","Snipe harvest","All hunters","2007","8817","1863"
"SNIPK","Snipe harvest","All hunters","2008","12140","4127"
"SNIPK","Snipe harvest","All hunters","2009","2632","620"
"SNIPK","Snipe harvest","All hunters","2010","2475","767"
"SNIPK","Snipe harvest","All hunters","2011","2453","769"
"SNIPK","Snipe harvest","All hunters","2012","1120","286"
"SNIPK","Snipe harvest","All hunters","2013","3629","640"
"SNIPK","Snipe harvest","All hunters","2014","2642","643"
"SNIPK","Snipe harvest","All hunters","2015","3232","605"
"SNIPK","Snipe harvest","All hunters","2016","4000","756"
"SNIPK","Snipe harvest","All hunters","2017","1659","468"
"SNIPK","Snipe harvest","All hunters","2018","2654","592"
"SUCOOT","Successful coots hunters","All hunters","1972","10428","795"
"SUCOOT","Successful coots hunters","All hunters","1973","12017","863"
"SUCOOT","Successful coots hunters","All hunters","1974","13301","915"
"SUCOOT","Successful coots hunters","All hunters","1975","10526","683"
"SUCOOT","Successful coots hunters","All hunters","1976","10668","731"
"SUCOOT","Successful coots hunters","All hunters","1977","6625","526"
"SUCOOT","Successful coots hunters","All hunters","1978","8510","567"
"SUCOOT","Successful coots hunters","All hunters","1979","7570","602"
"SUCOOT","Successful coots hunters","All hunters","1980","7024","549"
"SUCOOT","Successful coots hunters","All hunters","1981","5188","472"
"SUCOOT","Successful coots hunters","All hunters","1982","5728","516"
"SUCOOT","Successful coots hunters","All hunters","1983","5252","428"
"SUCOOT","Successful coots hunters","All hunters","1984","5701","420"
"SUCOOT","Successful coots hunters","All hunters","1985","5205","384"
"SUCOOT","Successful coots hunters","All hunters","1986","4760","355"
"SUCOOT","Successful coots hunters","All hunters","1987","3666","344"
"SUCOOT","Successful coots hunters","All hunters","1988","3045","266"
"SUCOOT","Successful coots hunters","All hunters","1989","2889","253"
"SUCOOT","Successful coots hunters","All hunters","1990","2434","221"
"SUCOOT","Successful coots hunters","All hunters","1991","2400","216"
"SUCOOT","Successful coots hunters","All hunters","1992","2110","197"
"SUCOOT","Successful coots hunters","All hunters","1993","2144","207"
"SUCOOT","Successful coots hunters","All hunters","1994","1950","183"
"SUCOOT","Successful coots hunters","All hunters","1995","1991","185"
"SUCOOT","Successful coots hunters","All hunters","1996","1809","167"
"SUCOOT","Successful coots hunters","All hunters","1997","1395","139"
"SUCOOT","Successful coots hunters","All hunters","1998","1585","165"
"SUCOOT","Successful coots hunters","All hunters","1999","1160","126"
"SUCOOT","Successful coots hunters","All hunters","2000","931","114"
"SUCOOT","Successful coots hunters","All hunters","2001","751","105"
"SUCOOT","Successful coots hunters","All hunters","2002","675","119"
"SUCOOT","Successful coots hunters","All hunters","2003","622","98"
"SUCOOT","Successful coots hunters","All hunters","2004","474","87"
"SUCOOT","Successful coots hunters","All hunters","2005","817","128"
"SUCOOT","Successful coots hunters","All hunters","2006","793","131"
"SUCOOT","Successful coots hunters","All hunters","2007","986","170"
"SUCOOT","Successful coots hunters","All hunters","2008","710","149"
"SUCOOT","Successful coots hunters","All hunters","2009","495","124"
"SUCOOT","Successful coots hunters","All hunters","2010","209","68"
"SUCOOT","Successful coots hunters","All hunters","2011","455","99"
"SUCOOT","Successful coots hunters","All hunters","2012","356","105"
"SUCOOT","Successful coots hunters","All hunters","2013","723","170"
"SUCOOT","Successful coots hunters","All hunters","2014","611","150"
"SUCOOT","Successful coots hunters","All hunters","2015","721","209"
"SUCOOT","Successful coots hunters","All hunters","2016","574","130"
"SUCOOT","Successful coots hunters","All hunters","2017","1091","228"
"SUCOOT","Successful coots hunters","All hunters","2018","612","147"
"SUCRAN","Successful cranes hunters","All hunters","1972","1318","273"
"SUCRAN","Successful cranes hunters","All hunters","1973","1163","251"
"SUCRAN","Successful cranes hunters","All hunters","1974","1562","296"
"SUCRAN","Successful cranes hunters","All hunters","1975","1643","213"
"SUCRAN","Successful cranes hunters","All hunters","1976","733","150"
"SUCRAN","Successful cranes hunters","All hunters","1977","183","68"
"SUCRAN","Successful cranes hunters","All hunters","1978","232","76"
"SUCRAN","Successful cranes hunters","All hunters","1979","372","87"
"SUCRAN","Successful cranes hunters","All hunters","1980","1792","215"
"SUCRAN","Successful cranes hunters","All hunters","1981","1145","169"
"SUCRAN","Successful cranes hunters","All hunters","1982","1034","161"
"SUCRAN","Successful cranes hunters","All hunters","1983","1143","200"
"SUCRAN","Successful cranes hunters","All hunters","1984","1352","226"
"SUCRAN","Successful cranes hunters","All hunters","1985","1548","217"
"SUCRAN","Successful cranes hunters","All hunters","1986","1472","206"
"SUCRAN","Successful cranes hunters","All hunters","1987","1502","209"
"SUCRAN","Successful cranes hunters","All hunters","1988","1534","179"
"SUCRAN","Successful cranes hunters","All hunters","1989","1087","145"
"SUCRAN","Successful cranes hunters","All hunters","1990","1113","139"
"SUCRAN","Successful cranes hunters","All hunters","1991","1033","145"
"SUCRAN","Successful cranes hunters","All hunters","1992","1402","153"
"SUCRAN","Successful cranes hunters","All hunters","1993","744","108"
"SUCRAN","Successful cranes hunters","All hunters","1994","1103","132"
"SUCRAN","Successful cranes hunters","All hunters","1995","1218","141"
"SUCRAN","Successful cranes hunters","All hunters","1996","1063","129"
"SUCRAN","Successful cranes hunters","All hunters","1997","1298","140"
"SUCRAN","Successful cranes hunters","All hunters","1998","1926","175"
"SUCRAN","Successful cranes hunters","All hunters","1999","2296","197"
"SUCRAN","Successful cranes hunters","All hunters","2000","2531","224"
"SUCRAN","Successful cranes hunters","All hunters","2001","2032","175"
"SUCRAN","Successful cranes hunters","All hunters","2002","2384","200"
"SUCRAN","Successful cranes hunters","All hunters","2003","2541","201"
"SUCRAN","Successful cranes hunters","All hunters","2004","2687","217"
"SUCRAN","Successful cranes hunters","All hunters","2005","2698","213"
"SUCRAN","Successful cranes hunters","All hunters","2006","2479","210"
"SUCRAN","Successful cranes hunters","All hunters","2007","3057","234"
"SUCRAN","Successful cranes hunters","All hunters","2008","2301","188"
"SUCRAN","Successful cranes hunters","All hunters","2009","1025","145"
"SUCRAN","Successful cranes hunters","All hunters","2010","1236","149"
"SUCRAN","Successful cranes hunters","All hunters","2011","1890","180"
"SUCRAN","Successful cranes hunters","All hunters","2012","1079","138"
"SUCRAN","Successful cranes hunters","All hunters","2013","2361","227"
"SUCRAN","Successful cranes hunters","All hunters","2014","2686","231"
"SUCRAN","Successful cranes hunters","All hunters","2015","2347","236"
"SUCRAN","Successful cranes hunters","All hunters","2016","2445","243"
"SUCRAN","Successful cranes hunters","All hunters","2017","2702","244"
"SUCRAN","Successful cranes hunters","All hunters","2018","3133","294"
"SUDOVE","Successful doves hunters","All hunters","1972","849","222"
"SUDOVE","Successful doves hunters","All hunters","1973","379","180"
"SUDOVE","Successful doves hunters","All hunters","1974","272","132"
"SUDOVE","Successful doves hunters","All hunters","1975","335","96"
"SUDOVE","Successful doves hunters","All hunters","1976","338","84"
"SUDOVE","Successful doves hunters","All hunters","1977","471","111"
"SUDOVE","Successful doves hunters","All hunters","1978","141","59"
"SUDOVE","Successful doves hunters","All hunters","1979","128","43"
"SUDOVE","Successful doves hunters","All hunters","1980","173","60"
"SUDOVE","Successful doves hunters","All hunters","1981","142","48"
"SUDOVE","Successful doves hunters","All hunters","1982","208","66"
"SUDOVE","Successful doves hunters","All hunters","1983","95","47"
"SUDOVE","Successful doves hunters","All hunters","1984","206","84"
"SUDOVE","Successful doves hunters","All hunters","1985","93","41"
"SUDOVE","Successful doves hunters","All hunters","1986","79","34"
"SUDOVE","Successful doves hunters","All hunters","1987","60","35"
"SUDOVE","Successful doves hunters","All hunters","1988","40","22"
"SUDOVE","Successful doves hunters","All hunters","1989","84","41"
"SUDOVE","Successful doves hunters","All hunters","1990","88","32"
"SUDOVE","Successful doves hunters","All hunters","1991","23","15"
"SUDOVE","Successful doves hunters","All hunters","1992","97","56"
"SUDOVE","Successful doves hunters","All hunters","1993","53","26"
"SUDOVE","Successful doves hunters","All hunters","1994","46","23"
"SUDOVE","Successful doves hunters","All hunters","1995","31","18"
"SUDOVE","Successful doves hunters","All hunters","1996","37","16"
"SUDOVE","Successful doves hunters","All hunters","1997","9","8"
"SUDOVE","Successful doves hunters","All hunters","1998","8","7"
"SUDOVE","Successful doves hunters","All hunters","1999","40","16"
"SUDOVE","Successful doves hunters","All hunters","2000","8","7"
"SUDOVE","Successful doves hunters","All hunters","2001","79","35"
"SUDOVE","Successful doves hunters","All hunters","2002","28","11"
"SUDOVE","Successful doves hunters","All hunters","2003","24","9"
"SUDOVE","Successful doves hunters","All hunters","2004","25","10"
"SUDOVE","Successful doves hunters","All hunters","2005","20","9"
"SUDOVE","Successful doves hunters","All hunters","2006","43","17"
"SUDOVE","Successful doves hunters","All hunters","2007","16","7"
"SUDOVE","Successful doves hunters","All hunters","2008","22","14"
"SUDOVE","Successful doves hunters","All hunters","2012","6","6"
"SUDOVE","Successful doves hunters","All hunters","2013","2870","388"
"SUDOVE","Successful doves hunters","All hunters","2014","2752","368"
"SUDOVE","Successful doves hunters","All hunters","2015","1822","252"
"SUDOVE","Successful doves hunters","All hunters","2016","1708","230"
"SUDOVE","Successful doves hunters","All hunters","2017","1855","246"
"SUDOVE","Successful doves hunters","All hunters","2018","1649","209"
"SUMURR","Successful murres hunters ","All hunters","2010","2282","210"
"SUMURR","Successful murres hunters ","All hunters","2011","2360","240"
"SUMURR","Successful murres hunters ","All hunters","2012","3900","347"
"SUMURR","Successful murres hunters ","All hunters","2013","5458","389"
"SUMURR","Successful murres hunters ","All hunters","2014","4479","350"
"SUMURR","Successful murres hunters ","All hunters","2015","3509","293"
"SUMURR","Successful murres hunters ","All hunters","2016","4442","327"
"SUMURR","Successful murres hunters ","All hunters","2017","4092","291"
"SUMURR","Successful murres hunters ","All hunters","2018","3596","267"
"SUPIGE","Successful band-tailed pigeons hunters","All hunters","1972","1959","313"
"SUPIGE","Successful band-tailed pigeons hunters","All hunters","1973","946","256"
"SUPIGE","Successful band-tailed pigeons hunters","All hunters","1974","1136","294"
"SUPIGE","Successful band-tailed pigeons hunters","All hunters","1975","756","137"
"SUPIGE","Successful band-tailed pigeons hunters","All hunters","1976","548","126"
"SUPIGE","Successful band-tailed pigeons hunters","All hunters","1977","688","137"
"SUPIGE","Successful band-tailed pigeons hunters","All hunters","1978","643","148"
"SUPIGE","Successful band-tailed pigeons hunters","All hunters","1979","621","115"
"SUPIGE","Successful band-tailed pigeons hunters","All hunters","1980","401","77"
"SUPIGE","Successful band-tailed pigeons hunters","All hunters","1981","548","114"
"SUPIGE","Successful band-tailed pigeons hunters","All hunters","1982","605","110"
"SUPIGE","Successful band-tailed pigeons hunters","All hunters","1983","534","110"
"SUPIGE","Successful band-tailed pigeons hunters","All hunters","1984","565","108"
"SUPIGE","Successful band-tailed pigeons hunters","All hunters","1985","347","84"
"SUPIGE","Successful band-tailed pigeons hunters","All hunters","1986","187","52"
"SUPIGE","Successful band-tailed pigeons hunters","All hunters","1987","247","69"
"SUPIGE","Successful band-tailed pigeons hunters","All hunters","1988","188","49"
"SUPIGE","Successful band-tailed pigeons hunters","All hunters","1989","124","45"
"SUPIGE","Successful band-tailed pigeons hunters","All hunters","1990","130","40"
"SUPIGE","Successful band-tailed pigeons hunters","All hunters","1991","99","34"
"SUPIGE","Successful band-tailed pigeons hunters","All hunters","1992","109","31"
"SUPIGE","Successful band-tailed pigeons hunters","All hunters","1993","85","32"
"SUPIGE","Successful band-tailed pigeons hunters","All hunters","2002","32","11"
"SUPIGE","Successful band-tailed pigeons hunters","All hunters","2003","47","15"
"SUPIGE","Successful band-tailed pigeons hunters","All hunters","2005","16","8"
"SUPIGE","Successful band-tailed pigeons hunters","All hunters","2006","14","7"
"SUPIGE","Successful band-tailed pigeons hunters","All hunters","2007","33","10"
"SUPIGE","Successful band-tailed pigeons hunters","All hunters","2008","38","13"
"SUPIGE","Successful band-tailed pigeons hunters","All hunters","2009","24","11"
"SUPIGE","Successful band-tailed pigeons hunters","All hunters","2010","27","11"
"SUPIGE","Successful band-tailed pigeons hunters","All hunters","2011","30","12"
"SUPIGE","Successful band-tailed pigeons hunters","All hunters","2012","6","6"
"SUPIGE","Successful band-tailed pigeons hunters","All hunters","2013","6","6"
"SUPIGE","Successful band-tailed pigeons hunters","All hunters","2014","7","6"
"SUPIGE","Successful band-tailed pigeons hunters","All hunters","2015","18","12"
"SUPIGE","Successful band-tailed pigeons hunters","All hunters","2016","17","11"
"SUPIGE","Successful band-tailed pigeons hunters","All hunters","2017","19","19"
"SUPIGE","Successful band-tailed pigeons hunters","All hunters","2018","33","15"
"SURAIL","Successful rails hunters","All hunters","1991","150","54"
"SURAIL","Successful rails hunters","All hunters","1992","141","51"
"SURAIL","Successful rails hunters","All hunters","1993","181","59"
"SURAIL","Successful rails hunters","All hunters","1994","201","62"
"SURAIL","Successful rails hunters","All hunters","1995","87","39"
"SURAIL","Successful rails hunters","All hunters","1996","137","45"
"SURAIL","Successful rails hunters","All hunters","1997","75","33"
"SURAIL","Successful rails hunters","All hunters","1998","166","49"
"SURAIL","Successful rails hunters","All hunters","1999","53","25"
"SURAIL","Successful rails hunters","All hunters","2000","164","46"
"SURAIL","Successful rails hunters","All hunters","2001","147","46"
"SURAIL","Successful rails hunters","All hunters","2002","421","81"
"SURAIL","Successful rails hunters","All hunters","2003","47","24"
"SURAIL","Successful rails hunters","All hunters","2004","78","36"
"SURAIL","Successful rails hunters","All hunters","2005","94","37"
"SURAIL","Successful rails hunters","All hunters","2006","223","99"
"SURAIL","Successful rails hunters","All hunters","2007","76","50"
"SURAIL","Successful rails hunters","All hunters","2008","124","46"
"SURAIL","Successful rails hunters","All hunters","2009","110","78"
"SURAIL","Successful rails hunters","All hunters","2011","37","27"
"SURAIL","Successful rails hunters","All hunters","2015","45","37"
"SURAIL","Successful rails hunters","All hunters","2017","67","47"
"SURAIL","Successful rails hunters","All hunters","2018","37","30"
"SUSNIP","Successful snipe hunters","All hunters","1972","3335","424"
"SUSNIP","Successful snipe hunters","All hunters","1973","2957","400"
"SUSNIP","Successful snipe hunters","All hunters","1974","4282","499"
"SUSNIP","Successful snipe hunters","All hunters","1975","3025","304"
"SUSNIP","Successful snipe hunters","All hunters","1976","3481","351"
"SUSNIP","Successful snipe hunters","All hunters","1977","2798","324"
"SUSNIP","Successful snipe hunters","All hunters","1978","2758","313"
"SUSNIP","Successful snipe hunters","All hunters","1979","2442","320"
"SUSNIP","Successful snipe hunters","All hunters","1980","2004","223"
"SUSNIP","Successful snipe hunters","All hunters","1981","1716","224"
"SUSNIP","Successful snipe hunters","All hunters","1982","1933","263"
"SUSNIP","Successful snipe hunters","All hunters","1983","1955","265"
"SUSNIP","Successful snipe hunters","All hunters","1984","2234","266"
"SUSNIP","Successful snipe hunters","All hunters","1985","1585","220"
"SUSNIP","Successful snipe hunters","All hunters","1986","1772","208"
"SUSNIP","Successful snipe hunters","All hunters","1987","1573","225"
"SUSNIP","Successful snipe hunters","All hunters","1988","1141","162"
"SUSNIP","Successful snipe hunters","All hunters","1989","1496","192"
"SUSNIP","Successful snipe hunters","All hunters","1990","935","145"
"SUSNIP","Successful snipe hunters","All hunters","1991","7147","408"
"SUSNIP","Successful snipe hunters","All hunters","1992","6781","365"
"SUSNIP","Successful snipe hunters","All hunters","1993","6967","379"
"SUSNIP","Successful snipe hunters","All hunters","1994","5654","330"
"SUSNIP","Successful snipe hunters","All hunters","1995","4909","303"
"SUSNIP","Successful snipe hunters","All hunters","1996","4327","272"
"SUSNIP","Successful snipe hunters","All hunters","1997","3542","240"
"SUSNIP","Successful snipe hunters","All hunters","1998","3750","239"
"SUSNIP","Successful snipe hunters","All hunters","1999","3257","223"
"SUSNIP","Successful snipe hunters","All hunters","2000","3370","225"
"SUSNIP","Successful snipe hunters","All hunters","2001","2392","201"
"SUSNIP","Successful snipe hunters","All hunters","2002","2889","208"
"SUSNIP","Successful snipe hunters","All hunters","2003","2165","184"
"SUSNIP","Successful snipe hunters","All hunters","2004","1674","175"
"SUSNIP","Successful snipe hunters","All hunters","2005","1778","188"
"SUSNIP","Successful snipe hunters","All hunters","2006","1502","163"
"SUSNIP","Successful snipe hunters","All hunters","2007","1931","187"
"SUSNIP","Successful snipe hunters","All hunters","2008","1581","192"
"SUSNIP","Successful snipe hunters","All hunters","2009","716","122"
"SUSNIP","Successful snipe hunters","All hunters","2010","553","98"
"SUSNIP","Successful snipe hunters","All hunters","2011","536","116"
"SUSNIP","Successful snipe hunters","All hunters","2012","361","82"
"SUSNIP","Successful snipe hunters","All hunters","2013","1187","181"
"SUSNIP","Successful snipe hunters","All hunters","2014","767","133"
"SUSNIP","Successful snipe hunters","All hunters","2015","1205","173"
"SUSNIP","Successful snipe hunters","All hunters","2016","1233","188"
"SUSNIP","Successful snipe hunters","All hunters","2017","719","146"
"SUSNIP","Successful snipe hunters","All hunters","2018","1016","170"
"SUTODU","Successful ducks hunters (total)","All hunters","1972","349643","3228"
"SUTODU","Successful ducks hunters (total)","All hunters","1973","334164","3413"
"SUTODU","Successful ducks hunters (total)","All hunters","1974","377865","3441"
"SUTODU","Successful ducks hunters (total)","All hunters","1975","306309","2997"
"SUTODU","Successful ducks hunters (total)","All hunters","1976","315054","2930"
"SUTODU","Successful ducks hunters (total)","All hunters","1977","317678","3002"
"SUTODU","Successful ducks hunters (total)","All hunters","1978","322470","2798"
"SUTODU","Successful ducks hunters (total)","All hunters","1979","297536","2886"
"SUTODU","Successful ducks hunters (total)","All hunters","1980","300909","2811"
"SUTODU","Successful ducks hunters (total)","All hunters","1981","266564","2848"
"SUTODU","Successful ducks hunters (total)","All hunters","1982","272892","2889"
"SUTODU","Successful ducks hunters (total)","All hunters","1983","267582","2356"
"SUTODU","Successful ducks hunters (total)","All hunters","1984","244515","2204"
"SUTODU","Successful ducks hunters (total)","All hunters","1985","228420","2063"
"SUTODU","Successful ducks hunters (total)","All hunters","1986","230729","1965"
"SUTODU","Successful ducks hunters (total)","All hunters","1987","213176","2017"
"SUTODU","Successful ducks hunters (total)","All hunters","1988","177828","1594"
"SUTODU","Successful ducks hunters (total)","All hunters","1989","177803","1631"
"SUTODU","Successful ducks hunters (total)","All hunters","1990","177702","1572"
"SUTODU","Successful ducks hunters (total)","All hunters","1991","157887","1501"
"SUTODU","Successful ducks hunters (total)","All hunters","1992","150233","1341"
"SUTODU","Successful ducks hunters (total)","All hunters","1993","148166","1357"
"SUTODU","Successful ducks hunters (total)","All hunters","1994","147418","1302"
"SUTODU","Successful ducks hunters (total)","All hunters","1995","139336","1250"
"SUTODU","Successful ducks hunters (total)","All hunters","1996","136391","1202"
"SUTODU","Successful ducks hunters (total)","All hunters","1997","129048","1134"
"SUTODU","Successful ducks hunters (total)","All hunters","1998","123771","1094"
"SUTODU","Successful ducks hunters (total)","All hunters","1999","118590","1065"
"SUTODU","Successful ducks hunters (total)","All hunters","2000","114790","1067"
"SUTODU","Successful ducks hunters (total)","All hunters","2001","101492","985"
"SUTODU","Successful ducks hunters (total)","All hunters","2002","98029","1034"
"SUTODU","Successful ducks hunters (total)","All hunters","2003","91945","993"
"SUTODU","Successful ducks hunters (total)","All hunters","2004","91991","1069"
"SUTODU","Successful ducks hunters (total)","All hunters","2005","90329","1058"
"SUTODU","Successful ducks hunters (total)","All hunters","2006","89738","1073"
"SUTODU","Successful ducks hunters (total)","All hunters","2007","89253","1086"
"SUTODU","Successful ducks hunters (total)","All hunters","2008","90116","1165"
"SUTODU","Successful ducks hunters (total)","All hunters","2009","80895","1154"
"SUTODU","Successful ducks hunters (total)","All hunters","2010","83474","1151"
"SUTODU","Successful ducks hunters (total)","All hunters","2011","86425","1180"
"SUTODU","Successful ducks hunters (total)","All hunters","2012","88453","1301"
"SUTODU","Successful ducks hunters (total)","All hunters","2013","96848","1527"
"SUTODU","Successful ducks hunters (total)","All hunters","2014","93791","1546"
"SUTODU","Successful ducks hunters (total)","All hunters","2015","91255","1508"
"SUTODU","Successful ducks hunters (total)","All hunters","2016","86153","1369"
"SUTODU","Successful ducks hunters (total)","All hunters","2017","79303","1310"
"SUTODU","Successful ducks hunters (total)","All hunters","2018","78039","1248"
"SUTOGO","Successful geese hunters (total)","All hunters","1972","124133","2634"
"SUTOGO","Successful geese hunters (total)","All hunters","1973","106153","2311"
"SUTOGO","Successful geese hunters (total)","All hunters","1974","115862","2416"
"SUTOGO","Successful geese hunters (total)","All hunters","1975","102448","1801"
"SUTOGO","Successful geese hunters (total)","All hunters","1976","100363","1762"
"SUTOGO","Successful geese hunters (total)","All hunters","1977","103013","1904"
"SUTOGO","Successful geese hunters (total)","All hunters","1978","114683","1802"
"SUTOGO","Successful geese hunters (total)","All hunters","1979","119234","1928"
"SUTOGO","Successful geese hunters (total)","All hunters","1980","129846","1995"
"SUTOGO","Successful geese hunters (total)","All hunters","1981","104900","1816"
"SUTOGO","Successful geese hunters (total)","All hunters","1982","111087","1875"
"SUTOGO","Successful geese hunters (total)","All hunters","1983","119450","1776"
"SUTOGO","Successful geese hunters (total)","All hunters","1984","111899","1652"
"SUTOGO","Successful geese hunters (total)","All hunters","1985","106280","1535"
"SUTOGO","Successful geese hunters (total)","All hunters","1986","115120","1542"
"SUTOGO","Successful geese hunters (total)","All hunters","1987","107573","1577"
"SUTOGO","Successful geese hunters (total)","All hunters","1988","89869","1203"
"SUTOGO","Successful geese hunters (total)","All hunters","1989","106736","1330"
"SUTOGO","Successful geese hunters (total)","All hunters","1990","103827","1267"
"SUTOGO","Successful geese hunters (total)","All hunters","1991","96547","1204"
"SUTOGO","Successful geese hunters (total)","All hunters","1992","85715","1064"
"SUTOGO","Successful geese hunters (total)","All hunters","1993","89713","1087"
"SUTOGO","Successful geese hunters (total)","All hunters","1994","85693","1027"
"SUTOGO","Successful geese hunters (total)","All hunters","1995","83556","1010"
"SUTOGO","Successful geese hunters (total)","All hunters","1996","85157","990"
"SUTOGO","Successful geese hunters (total)","All hunters","1997","82854","949"
"SUTOGO","Successful geese hunters (total)","All hunters","1998","87367","967"
"SUTOGO","Successful geese hunters (total)","All hunters","1999","84077","944"
"SUTOGO","Successful geese hunters (total)","All hunters","2000","86738","962"
"SUTOGO","Successful geese hunters (total)","All hunters","2001","81990","895"
"SUTOGO","Successful geese hunters (total)","All hunters","2002","78293","978"
"SUTOGO","Successful geese hunters (total)","All hunters","2003","80749","946"
"SUTOGO","Successful geese hunters (total)","All hunters","2004","77785","1016"
"SUTOGO","Successful geese hunters (total)","All hunters","2005","78990","1020"
"SUTOGO","Successful geese hunters (total)","All hunters","2006","76705","1012"
"SUTOGO","Successful geese hunters (total)","All hunters","2007","77439","1043"
"SUTOGO","Successful geese hunters (total)","All hunters","2008","80316","1118"
"SUTOGO","Successful geese hunters (total)","All hunters","2009","72802","1123"
"SUTOGO","Successful geese hunters (total)","All hunters","2010","72678","1122"
"SUTOGO","Successful geese hunters (total)","All hunters","2011","77745","1145"
"SUTOGO","Successful geese hunters (total)","All hunters","2012","77717","1237"
"SUTOGO","Successful geese hunters (total)","All hunters","2013","79746","1382"
"SUTOGO","Successful geese hunters (total)","All hunters","2014","83384","1462"
"SUTOGO","Successful geese hunters (total)","All hunters","2015","80426","1473"
"SUTOGO","Successful geese hunters (total)","All hunters","2016","76120","1339"
"SUTOGO","Successful geese hunters (total)","All hunters","2017","73910","1298"
"SUTOGO","Successful geese hunters (total)","All hunters","2018","72468","1213"
"SUTOOT","Successful non-waterfowl hunters (total)","All hunters","1975","33216","1248"
"SUTOOT","Successful non-waterfowl hunters (total)","All hunters","1976","34838","1295"
"SUTOOT","Successful non-waterfowl hunters (total)","All hunters","1977","29747","1252"
"SUTOOT","Successful non-waterfowl hunters (total)","All hunters","1978","33509","1229"
"SUTOOT","Successful non-waterfowl hunters (total)","All hunters","1979","27881","1176"
"SUTOOT","Successful non-waterfowl hunters (total)","All hunters","1980","28453","1080"
"SUTOOT","Successful non-waterfowl hunters (total)","All hunters","1981","27237","1176"
"SUTOOT","Successful non-waterfowl hunters (total)","All hunters","1982","27655","1180"
"SUTOOT","Successful non-waterfowl hunters (total)","All hunters","1983","24277","879"
"SUTOOT","Successful non-waterfowl hunters (total)","All hunters","1984","25446","872"
"SUTOOT","Successful non-waterfowl hunters (total)","All hunters","1985","22382","804"
"SUTOOT","Successful non-waterfowl hunters (total)","All hunters","1986","22342","765"
"SUTOOT","Successful non-waterfowl hunters (total)","All hunters","1987","24170","868"
"SUTOOT","Successful non-waterfowl hunters (total)","All hunters","1988","19538","666"
"SUTOOT","Successful non-waterfowl hunters (total)","All hunters","1989","19812","680"
"SUTOOT","Successful non-waterfowl hunters (total)","All hunters","1990","17927","626"
"SUTOOT","Successful non-waterfowl hunters (total)","All hunters","1991","20530","672"
"SUTOOT","Successful non-waterfowl hunters (total)","All hunters","1992","20227","614"
"SUTOOT","Successful non-waterfowl hunters (total)","All hunters","1993","19540","620"
"SUTOOT","Successful non-waterfowl hunters (total)","All hunters","1994","17087","561"
"SUTOOT","Successful non-waterfowl hunters (total)","All hunters","1995","16232","536"
"SUTOOT","Successful non-waterfowl hunters (total)","All hunters","1996","14776","493"
"SUTOOT","Successful non-waterfowl hunters (total)","All hunters","1997","12162","439"
"SUTOOT","Successful non-waterfowl hunters (total)","All hunters","1998","13002","448"
"SUTOOT","Successful non-waterfowl hunters (total)","All hunters","1999","12722","441"
"SUTOOT","Successful non-waterfowl hunters (total)","All hunters","2000","12365","450"
"SUTOOT","Successful non-waterfowl hunters (total)","All hunters","2001","10353","398"
"SUTOOT","Successful non-waterfowl hunters (total)","All hunters","2002","11599","418"
"SUTOOT","Successful non-waterfowl hunters (total)","All hunters","2003","8837","354"
"SUTOOT","Successful non-waterfowl hunters (total)","All hunters","2004","9074","387"
"SUTOOT","Successful non-waterfowl hunters (total)","All hunters","2005","9032","385"
"SUTOOT","Successful non-waterfowl hunters (total)","All hunters","2006","12413","460"
"SUTOOT","Successful non-waterfowl hunters (total)","All hunters","2007","13281","480"
"SUTOOT","Successful non-waterfowl hunters (total)","All hunters","2008","12576","494"
"SUTOOT","Successful non-waterfowl hunters (total)","All hunters","2009","7250","399"
"SUTOOT","Successful non-waterfowl hunters (total)","All hunters","2010","6061","340"
"SUTOOT","Successful non-waterfowl hunters (total)","All hunters","2011","7800","390"
"SUTOOT","Successful non-waterfowl hunters (total)","All hunters","2012","6257","405"
"SUTOOT","Successful non-waterfowl hunters (total)","All hunters","2013","16086","704"
"SUTOOT","Successful non-waterfowl hunters (total)","All hunters","2014","10071","568"
"SUTOOT","Successful non-waterfowl hunters (total)","All hunters","2015","9595","533"
"SUTOOT","Successful non-waterfowl hunters (total)","All hunters","2016","8790","473"
"SUTOOT","Successful non-waterfowl hunters (total)","All hunters","2017","9098","494"
"SUTOOT","Successful non-waterfowl hunters (total)","All hunters","2018","9144","482"
"SUTOWF","Successful waterfowl hunters (total)","All hunters","1973","334164","3413"
"SUTOWF","Successful waterfowl hunters (total)","All hunters","1974","377865","3441"
"SUTOWF","Successful waterfowl hunters (total)","All hunters","1975","325218","3030"
"SUTOWF","Successful waterfowl hunters (total)","All hunters","1976","336744","2975"
"SUTOWF","Successful waterfowl hunters (total)","All hunters","1977","341142","3061"
"SUTOWF","Successful waterfowl hunters (total)","All hunters","1978","348054","2850"
"SUTOWF","Successful waterfowl hunters (total)","All hunters","1979","328228","2968"
"SUTOWF","Successful waterfowl hunters (total)","All hunters","1980","333004","2890"
"SUTOWF","Successful waterfowl hunters (total)","All hunters","1981","291562","2911"
"SUTOWF","Successful waterfowl hunters (total)","All hunters","1982","298703","2953"
"SUTOWF","Successful waterfowl hunters (total)","All hunters","1983","295055","2422"
"SUTOWF","Successful waterfowl hunters (total)","All hunters","1984","272493","2272"
"SUTOWF","Successful waterfowl hunters (total)","All hunters","1985","256882","2133"
"SUTOWF","Successful waterfowl hunters (total)","All hunters","1986","259867","2031"
"SUTOWF","Successful waterfowl hunters (total)","All hunters","1987","236641","2073"
"SUTOWF","Successful waterfowl hunters (total)","All hunters","1988","204256","1667"
"SUTOWF","Successful waterfowl hunters (total)","All hunters","1989","209151","1711"
"SUTOWF","Successful waterfowl hunters (total)","All hunters","1990","206286","1641"
"SUTOWF","Successful waterfowl hunters (total)","All hunters","1991","186271","1570"
"SUTOWF","Successful waterfowl hunters (total)","All hunters","1992","175838","1405"
"SUTOWF","Successful waterfowl hunters (total)","All hunters","1993","176621","1422"
"SUTOWF","Successful waterfowl hunters (total)","All hunters","1994","173182","1359"
"SUTOWF","Successful waterfowl hunters (total)","All hunters","1995","164464","1312"
"SUTOWF","Successful waterfowl hunters (total)","All hunters","1996","158803","1251"
"SUTOWF","Successful waterfowl hunters (total)","All hunters","1997","149672","1178"
"SUTOWF","Successful waterfowl hunters (total)","All hunters","1998","147090","1150"
"SUTOWF","Successful waterfowl hunters (total)","All hunters","1999","142022","1123"
"SUTOWF","Successful waterfowl hunters (total)","All hunters","2000","138464","1113"
"SUTOWF","Successful waterfowl hunters (total)","All hunters","2001","126949","1046"
"SUTOWF","Successful waterfowl hunters (total)","All hunters","2002","121266","1106"
"SUTOWF","Successful waterfowl hunters (total)","All hunters","2003","117768","1068"
"SUTOWF","Successful waterfowl hunters (total)","All hunters","2004","115352","1145"
"SUTOWF","Successful waterfowl hunters (total)","All hunters","2005","114021","1146"
"SUTOWF","Successful waterfowl hunters (total)","All hunters","2006","112019","1151"
"SUTOWF","Successful waterfowl hunters (total)","All hunters","2007","111202","1166"
"SUTOWF","Successful waterfowl hunters (total)","All hunters","2008","115029","1246"
"SUTOWF","Successful waterfowl hunters (total)","All hunters","2009","104838","1264"
"SUTOWF","Successful waterfowl hunters (total)","All hunters","2010","106752","1259"
"SUTOWF","Successful waterfowl hunters (total)","All hunters","2011","111345","1286"
"SUTOWF","Successful waterfowl hunters (total)","All hunters","2012","110999","1413"
"SUTOWF","Successful waterfowl hunters (total)","All hunters","2013","117803","1590"
"SUTOWF","Successful waterfowl hunters (total)","All hunters","2014","118701","1654"
"SUTOWF","Successful waterfowl hunters (total)","All hunters","2015","115703","1669"
"SUTOWF","Successful waterfowl hunters (total)","All hunters","2016","108162","1488"
"SUTOWF","Successful waterfowl hunters (total)","All hunters","2017","104199","1451"
"SUTOWF","Successful waterfowl hunters (total)","All hunters","2018","99770","1339"
"SUWOOD","Successful woodcock hunters","All hunters","1972","22523","1183"
"SUWOOD","Successful woodcock hunters","All hunters","1973","22851","1211"
"SUWOOD","Successful woodcock hunters","All hunters","1974","22288","1179"
"SUWOOD","Successful woodcock hunters","All hunters","1975","19878","1042"
"SUWOOD","Successful woodcock hunters","All hunters","1976","22396","1085"
"SUWOOD","Successful woodcock hunters","All hunters","1977","20802","1115"
"SUWOOD","Successful woodcock hunters","All hunters","1978","23479","1087"
"SUWOOD","Successful woodcock hunters","All hunters","1979","18604","1003"
"SUWOOD","Successful woodcock hunters","All hunters","1980","19097","926"
"SUWOOD","Successful woodcock hunters","All hunters","1981","20137","1065"
"SUWOOD","Successful woodcock hunters","All hunters","1982","19806","1049"
"SUWOOD","Successful woodcock hunters","All hunters","1983","16591","723"
"SUWOOD","Successful woodcock hunters","All hunters","1984","17456","719"
"SUWOOD","Successful woodcock hunters","All hunters","1985","15473","675"
"SUWOOD","Successful woodcock hunters","All hunters","1986","15727","649"
"SUWOOD","Successful woodcock hunters","All hunters","1987","18403","768"
"SUWOOD","Successful woodcock hunters","All hunters","1988","14560","584"
"SUWOOD","Successful woodcock hunters","All hunters","1989","15147","606"
"SUWOOD","Successful woodcock hunters","All hunters","1990","13982","567"
"SUWOOD","Successful woodcock hunters","All hunters","1991","13041","543"
"SUWOOD","Successful woodcock hunters","All hunters","1992","12749","493"
"SUWOOD","Successful woodcock hunters","All hunters","1993","13047","515"
"SUWOOD","Successful woodcock hunters","All hunters","1994","10399","444"
"SUWOOD","Successful woodcock hunters","All hunters","1995","10398","433"
"SUWOOD","Successful woodcock hunters","All hunters","1996","9139","395"
"SUWOOD","Successful woodcock hunters","All hunters","1997","7483","353"
"SUWOOD","Successful woodcock hunters","All hunters","1998","7772","349"
"SUWOOD","Successful woodcock hunters","All hunters","1999","7391","337"
"SUWOOD","Successful woodcock hunters","All hunters","2000","7033","335"
"SUWOOD","Successful woodcock hunters","All hunters","2001","6025","301"
"SUWOOD","Successful woodcock hunters","All hunters","2002","6279","297"
"SUWOOD","Successful woodcock hunters","All hunters","2003","4389","240"
"SUWOOD","Successful woodcock hunters","All hunters","2004","4820","271"
"SUWOOD","Successful woodcock hunters","All hunters","2005","4176","249"
"SUWOOD","Successful woodcock hunters","All hunters","2006","4642","291"
"SUWOOD","Successful woodcock hunters","All hunters","2007","4129","266"
"SUWOOD","Successful woodcock hunters","All hunters","2008","3908","268"
"SUWOOD","Successful woodcock hunters","All hunters","2009","2373","212"
"SUWOOD","Successful woodcock hunters","All hunters","2010","1975","202"
"SUWOOD","Successful woodcock hunters","All hunters","2011","2835","219"
"SUWOOD","Successful woodcock hunters","All hunters","2012","2718","268"
"SUWOOD","Successful woodcock hunters","All hunters","2013","4487","345"
"SUWOOD","Successful woodcock hunters","All hunters","2014","4263","373"
"SUWOOD","Successful woodcock hunters","All hunters","2015","4286","336"
"SUWOOD","Successful woodcock hunters","All hunters","2016","3861","291"
"SUWOOD","Successful woodcock hunters","All hunters","2017","3262","268"
"SUWOOD","Successful woodcock hunters","All hunters","2018","3287","253"
"TODUK","Total ducks harvest","All hunters","1969","3090384","96396"
"TODUK","Total ducks harvest","All hunters","1970","3473653","104177"
"TODUK","Total ducks harvest","All hunters","1971","3042556","93361"
"TODUK","Total ducks harvest","All hunters","1972","3591426","66395"
"TODUK","Total ducks harvest","All hunters","1973","3217109","64065"
"TODUK","Total ducks harvest","All hunters","1974","3820519","75280"
"TODUK","Total ducks harvest","All hunters","1975","3909072","61035"
"TODUK","Total ducks harvest","All hunters","1976","4183785","66018"
"TODUK","Total ducks harvest","All hunters","1977","3710675","58577"
"TODUK","Total ducks harvest","All hunters","1978","3507183","49310"
"TODUK","Total ducks harvest","All hunters","1979","3451103","54389"
"TODUK","Total ducks harvest","All hunters","1980","3397410","52677"
"TODUK","Total ducks harvest","All hunters","1981","2954901","57228"
"TODUK","Total ducks harvest","All hunters","1982","2891433","52841"
"TODUK","Total ducks harvest","All hunters","1983","3073152","47547"
"TODUK","Total ducks harvest","All hunters","1984","2682191","41242"
"TODUK","Total ducks harvest","All hunters","1985","2494240","41062"
"TODUK","Total ducks harvest","All hunters","1986","2416822","38210"
"TODUK","Total ducks harvest","All hunters","1987","2303693","41822"
"TODUK","Total ducks harvest","All hunters","1988","1908823","31083"
"TODUK","Total ducks harvest","All hunters","1989","2000891","33040"
"TODUK","Total ducks harvest","All hunters","1990","1985177","34563"
"TODUK","Total ducks harvest","All hunters","1991","1642929","28759"
"TODUK","Total ducks harvest","All hunters","1992","1535070","24784"
"TODUK","Total ducks harvest","All hunters","1993","1584161","26497"
"TODUK","Total ducks harvest","All hunters","1994","1617612","26636"
"TODUK","Total ducks harvest","All hunters","1995","1577690","25161"
"TODUK","Total ducks harvest","All hunters","1996","1544583","23590"
"TODUK","Total ducks harvest","All hunters","1997","1627874","24350"
"TODUK","Total ducks harvest","All hunters","1998","1542155","22955"
"TODUK","Total ducks harvest","All hunters","1999","1496244","24122"
"TODUK","Total ducks harvest","All hunters","2000","1436788","23355"
"TODUK","Total ducks harvest","All hunters","2001","1262583","21741"
"TODUK","Total ducks harvest","All hunters","2002","1230006","20746"
"TODUK","Total ducks harvest","All hunters","2003","1141737","19256"
"TODUK","Total ducks harvest","All hunters","2004","1118344","19832"
"TODUK","Total ducks harvest","All hunters","2005","1188706","23395"
"TODUK","Total ducks harvest","All hunters","2006","1244633","23667"
"TODUK","Total ducks harvest","All hunters","2007","1212262","22932"
"TODUK","Total ducks harvest","All hunters","2008","1202839","25129"
"TODUK","Total ducks harvest","All hunters","2009","1021261","23461"
"TODUK","Total ducks harvest","All hunters","2010","1058359","21365"
"TODUK","Total ducks harvest","All hunters","2011","1161061","27660"
"TODUK","Total ducks harvest","All hunters","2012","1141988","24842"
"TODUK","Total ducks harvest","All hunters","2013","1225863","26716"
"TODUK","Total ducks harvest","All hunters","2014","1146915","27467"
"TODUK","Total ducks harvest","All hunters","2015","1153020","30405"
"TODUK","Total ducks harvest","All hunters","2016","1050020","26254"
"TODUK","Total ducks harvest","All hunters","2017","966883","23974"
"TODUK","Total ducks harvest","All hunters","2018","989840","24398"
"TOGOK","Total geese harvest","All hunters","1969","333401","31953"
"TOGOK","Total geese harvest","All hunters","1970","425406","43840"
"TOGOK","Total geese harvest","All hunters","1971","385806","37759"
"TOGOK","Total geese harvest","All hunters","1972","545377","20350"
"TOGOK","Total geese harvest","All hunters","1973","539105","20594"
"TOGOK","Total geese harvest","All hunters","1974","521343","18039"
"TOGOK","Total geese harvest","All hunters","1975","573563","14312"
"TOGOK","Total geese harvest","All hunters","1976","517532","14144"
"TOGOK","Total geese harvest","All hunters","1977","503892","13271"
"TOGOK","Total geese harvest","All hunters","1978","590948","14815"
"TOGOK","Total geese harvest","All hunters","1979","653552","14736"
"TOGOK","Total geese harvest","All hunters","1980","741299","17145"
"TOGOK","Total geese harvest","All hunters","1981","580216","14632"
"TOGOK","Total geese harvest","All hunters","1982","617568","14935"
"TOGOK","Total geese harvest","All hunters","1983","705698","16487"
"TOGOK","Total geese harvest","All hunters","1984","659144","14223"
"TOGOK","Total geese harvest","All hunters","1985","694252","16857"
"TOGOK","Total geese harvest","All hunters","1986","624667","12990"
"TOGOK","Total geese harvest","All hunters","1987","709326","16388"
"TOGOK","Total geese harvest","All hunters","1988","597260","12568"
"TOGOK","Total geese harvest","All hunters","1989","753595","14754"
"TOGOK","Total geese harvest","All hunters","1990","720044","13716"
"TOGOK","Total geese harvest","All hunters","1991","672454","13316"
"TOGOK","Total geese harvest","All hunters","1992","506375","9305"
"TOGOK","Total geese harvest","All hunters","1993","657788","13061"
"TOGOK","Total geese harvest","All hunters","1994","602255","11827"
"TOGOK","Total geese harvest","All hunters","1995","628016","12640"
"TOGOK","Total geese harvest","All hunters","1996","757292","13940"
"TOGOK","Total geese harvest","All hunters","1997","768425","14483"
"TOGOK","Total geese harvest","All hunters","1998","883035","18416"
"TOGOK","Total geese harvest","All hunters","1999","843055","17454"
"TOGOK","Total geese harvest","All hunters","2000","964809","20309"
"TOGOK","Total geese harvest","All hunters","2001","993206","19872"
"TOGOK","Total geese harvest","All hunters","2002","909217","19670"
"TOGOK","Total geese harvest","All hunters","2003","1011831","20787"
"TOGOK","Total geese harvest","All hunters","2004","888960","19965"
"TOGOK","Total geese harvest","All hunters","2005","975069","22374"
"TOGOK","Total geese harvest","All hunters","2006","1000123","22669"
"TOGOK","Total geese harvest","All hunters","2007","964688","22358"
"TOGOK","Total geese harvest","All hunters","2008","1156636","26303"
"TOGOK","Total geese harvest","All hunters","2009","944844","25583"
"TOGOK","Total geese harvest","All hunters","2010","946933","22301"
"TOGOK","Total geese harvest","All hunters","2011","1066969","25928"
"TOGOK","Total geese harvest","All hunters","2012","1011533","26277"
"TOGOK","Total geese harvest","All hunters","2013","1061086","29664"
"TOGOK","Total geese harvest","All hunters","2014","1162044","34505"
"TOGOK","Total geese harvest","All hunters","2015","1014946","29622"
"TOGOK","Total geese harvest","All hunters","2016","982718","30070"
"TOGOK","Total geese harvest","All hunters","2017","1105896","33420"
"TOGOK","Total geese harvest","All hunters","2018","928449","31314"
"TOOTK","Total non-waterfowl harvest","All hunters","1975","198632","11874"
"TOOTK","Total non-waterfowl harvest","All hunters","1976","222072","13619"
"TOOTK","Total non-waterfowl harvest","All hunters","1977","166704","10762"
"TOOTK","Total non-waterfowl harvest","All hunters","1978","185064","9519"
"TOOTK","Total non-waterfowl harvest","All hunters","1979","146200","8937"
"TOOTK","Total non-waterfowl harvest","All hunters","1980","163447","10884"
"TOOTK","Total non-waterfowl harvest","All hunters","1981","145403","10431"
"TOOTK","Total non-waterfowl harvest","All hunters","1982","139205","9564"
"TOOTK","Total non-waterfowl harvest","All hunters","1983","134922","8258"
"TOOTK","Total non-waterfowl harvest","All hunters","1984","138203","8082"
"TOOTK","Total non-waterfowl harvest","All hunters","1985","120789","8235"
"TOOTK","Total non-waterfowl harvest","All hunters","1986","130007","8348"
"TOOTK","Total non-waterfowl harvest","All hunters","1987","151071","10675"
"TOOTK","Total non-waterfowl harvest","All hunters","1988","137470","9413"
"TOOTK","Total non-waterfowl harvest","All hunters","1989","122937","7760"
"TOOTK","Total non-waterfowl harvest","All hunters","1990","116520","7967"
"TOOTK","Total non-waterfowl harvest","All hunters","1991","141706","7751"
"TOOTK","Total non-waterfowl harvest","All hunters","1992","125967","6385"
"TOOTK","Total non-waterfowl harvest","All hunters","1993","131908","7078"
"TOOTK","Total non-waterfowl harvest","All hunters","1994","106767","6502"
"TOOTK","Total non-waterfowl harvest","All hunters","1995","112327","6587"
"TOOTK","Total non-waterfowl harvest","All hunters","1996","101180","6192"
"TOOTK","Total non-waterfowl harvest","All hunters","1997","75921","4743"
"TOOTK","Total non-waterfowl harvest","All hunters","1998","92036","6348"
"TOOTK","Total non-waterfowl harvest","All hunters","1999","90176","6089"
"TOOTK","Total non-waterfowl harvest","All hunters","2000","81385","4799"
"TOOTK","Total non-waterfowl harvest","All hunters","2001","67484","4321"
"TOOTK","Total non-waterfowl harvest","All hunters","2002","192902","9511"
"TOOTK","Total non-waterfowl harvest","All hunters","2003","57017","3270"
"TOOTK","Total non-waterfowl harvest","All hunters","2004","57861","3659"
"TOOTK","Total non-waterfowl harvest","All hunters","2005","51105","3702"
"TOOTK","Total non-waterfowl harvest","All hunters","2006","142024","8807"
"TOOTK","Total non-waterfowl harvest","All hunters","2007","164372","8722"
"TOOTK","Total non-waterfowl harvest","All hunters","2008","169432","11275"
"TOOTK","Total non-waterfowl harvest","All hunters","2009","92987","7831"
"TOOTK","Total non-waterfowl harvest","All hunters","2010","76644","6570"
"TOOTK","Total non-waterfowl harvest","All hunters","2011","101230","10267"
"TOOTK","Total non-waterfowl harvest","All hunters","2012","81669","9304"
"TOOTK","Total non-waterfowl harvest","All hunters","2013","181928","11829"
"TOOTK","Total non-waterfowl harvest","All hunters","2014","62870","5375"
"TOOTK","Total non-waterfowl harvest","All hunters","2015","53991","4482"
"TOOTK","Total non-waterfowl harvest","All hunters","2016","55220","4805"
"TOOTK","Total non-waterfowl harvest","All hunters","2017","55892","4578"
"TOOTK","Total non-waterfowl harvest","All hunters","2018","49362","3634"
"TOWFK","Total waterfowl harvest","All hunters","1973","3825541","77551"
"TOWFK","Total waterfowl harvest","All hunters","1974","4928156","101036"
"TOWFK","Total waterfowl harvest","All hunters","1975","4482637","66499"
"TOWFK","Total waterfowl harvest","All hunters","1976","4701312","70425"
"TOWFK","Total waterfowl harvest","All hunters","1977","4214564","63329"
"TOWFK","Total waterfowl harvest","All hunters","1978","4098129","55075"
"TOWFK","Total waterfowl harvest","All hunters","1979","4104646","59706"
"TOWFK","Total waterfowl harvest","All hunters","1980","4138708","59383"
"TOWFK","Total waterfowl harvest","All hunters","1981","3535108","61777"
"TOWFK","Total waterfowl harvest","All hunters","1982","3509004","58322"
"TOWFK","Total waterfowl harvest","All hunters","1983","3778847","54983"
"TOWFK","Total waterfowl harvest","All hunters","1984","3341345","47486"
"TOWFK","Total waterfowl harvest","All hunters","1985","3188496","47939"
"TOWFK","Total waterfowl harvest","All hunters","1986","3041490","43365"
"TOWFK","Total waterfowl harvest","All hunters","1987","3013021","49472"
"TOWFK","Total waterfowl harvest","All hunters","1988","2506082","35974"
"TOWFK","Total waterfowl harvest","All hunters","1989","2754490","39649"
"TOWFK","Total waterfowl harvest","All hunters","1990","2705224","40239"
"TOWFK","Total waterfowl harvest","All hunters","1991","2314902","35098"
"TOWFK","Total waterfowl harvest","All hunters","1992","2041443","28612"
"TOWFK","Total waterfowl harvest","All hunters","1993","2241922","32069"
"TOWFK","Total waterfowl harvest","All hunters","1994","2219864","31698"
"TOWFK","Total waterfowl harvest","All hunters","1995","2205701","30911"
"TOWFK","Total waterfowl harvest","All hunters","1996","2301877","30860"
"TOWFK","Total waterfowl harvest","All hunters","1997","2396295","32265"
"TOWFK","Total waterfowl harvest","All hunters","1998","2425189","33538"
"TOWFK","Total waterfowl harvest","All hunters","1999","2339296","33777"
"TOWFK","Total waterfowl harvest","All hunters","2000","2401591","35918"
"TOWFK","Total waterfowl harvest","All hunters","2001","2255474","34287"
"TOWFK","Total waterfowl harvest","All hunters","2002","2139110","33082"
"TOWFK","Total waterfowl harvest","All hunters","2003","2153567","32682"
"TOWFK","Total waterfowl harvest","All hunters","2004","2007308","32735"
"TOWFK","Total waterfowl harvest","All hunters","2005","2163775","38823"
"TOWFK","Total waterfowl harvest","All hunters","2006","2244754","38696"
"TOWFK","Total waterfowl harvest","All hunters","2007","2176947","38307"
"TOWFK","Total waterfowl harvest","All hunters","2008","2359475","42392"
"TOWFK","Total waterfowl harvest","All hunters","2009","1966101","41335"
"TOWFK","Total waterfowl harvest","All hunters","2010","2005289","35796"
"TOWFK","Total waterfowl harvest","All hunters","2011","2228027","44924"
"TOWFK","Total waterfowl harvest","All hunters","2012","2153525","43021"
"TOWFK","Total waterfowl harvest","All hunters","2013","2286951","46909"
"TOWFK","Total waterfowl harvest","All hunters","2014","2308961","53431"
"TOWFK","Total waterfowl harvest","All hunters","2015","2167973","49360"
"TOWFK","Total waterfowl harvest","All hunters","2016","2032735","47166"
"TOWFK","Total waterfowl harvest","All hunters","2017","2072777","48199"
"TOWFK","Total waterfowl harvest","All hunters","2018","1918289","48045"
"WOODK","Woodcock harvest","All hunters","1969","82219","8460"
"WOODK","Woodcock harvest","All hunters","1970","72589","7809"
"WOODK","Woodcock harvest","All hunters","1971","84083","8579"
"WOODK","Woodcock harvest","All hunters","1972","118779","11382"
"WOODK","Woodcock harvest","All hunters","1973","107208","9570"
"WOODK","Woodcock harvest","All hunters","1974","110749","10256"
"WOODK","Woodcock harvest","All hunters","1975","127429","10003"
"WOODK","Woodcock harvest","All hunters","1976","160018","12585"
"WOODK","Woodcock harvest","All hunters","1977","125605","10116"
"WOODK","Woodcock harvest","All hunters","1978","139520","8704"
"WOODK","Woodcock harvest","All hunters","1979","106205","8029"
"WOODK","Woodcock harvest","All hunters","1980","127483","10467"
"WOODK","Woodcock harvest","All hunters","1981","112886","9853"
"WOODK","Woodcock harvest","All hunters","1982","107836","8941"
"WOODK","Woodcock harvest","All hunters","1983","103964","7465"
"WOODK","Woodcock harvest","All hunters","1984","99872","6836"
"WOODK","Woodcock harvest","All hunters","1985","90420","7464"
"WOODK","Woodcock harvest","All hunters","1986","104242","7908"
"WOODK","Woodcock harvest","All hunters","1987","129720","10414"
"WOODK","Woodcock harvest","All hunters","1988","115499","8954"
"WOODK","Woodcock harvest","All hunters","1989","103904","7480"
"WOODK","Woodcock harvest","All hunters","1990","99772","7791"
"WOODK","Woodcock harvest","All hunters","1991","96330","6620"
"WOODK","Woodcock harvest","All hunters","1992","80100","5194"
"WOODK","Woodcock harvest","All hunters","1993","89538","5871"
"WOODK","Woodcock harvest","All hunters","1994","69316","5145"
"WOODK","Woodcock harvest","All hunters","1995","77532","5675"
"WOODK","Woodcock harvest","All hunters","1996","69276","5594"
"WOODK","Woodcock harvest","All hunters","1997","48560","3963"
"WOODK","Woodcock harvest","All hunters","1998","55980","3979"
"WOODK","Woodcock harvest","All hunters","1999","61702","5523"
"WOODK","Woodcock harvest","All hunters","2000","51263","3888"
"WOODK","Woodcock harvest","All hunters","2001","45949","3639"
"WOODK","Woodcock harvest","All hunters","2002","49125","3775"
"WOODK","Woodcock harvest","All hunters","2003","34651","2646"
"WOODK","Woodcock harvest","All hunters","2004","33504","2590"
"WOODK","Woodcock harvest","All hunters","2005","28516","2367"
"WOODK","Woodcock harvest","All hunters","2006","35958","5323"
"WOODK","Woodcock harvest","All hunters","2007","25975","2695"
"WOODK","Woodcock harvest","All hunters","2008","26916","2818"
"WOODK","Woodcock harvest","All hunters","2009","16949","2236"
"WOODK","Woodcock harvest","All hunters","2010","14918","2452"
"WOODK","Woodcock harvest","All hunters","2011","20141","2047"
"WOODK","Woodcock harvest","All hunters","2012","20341","3302"
"WOODK","Woodcock harvest","All hunters","2013","33533","4625"
"WOODK","Woodcock harvest","All hunters","2014","25682","3011"
"WOODK","Woodcock harvest","All hunters","2015","25619","2651"
"WOODK","Woodcock harvest","All hunters","2016","25175","3196"
"WOODK","Woodcock harvest","All hunters","2017","24729","2971"
"WOODK","Woodcock harvest","All hunters","2018","19297","2300"
